ticket_id,created_at,priority,team,sentiment,first_response_minutes,status
W44-015,2026-08-07T12:24:32+04:00,P3,Product,positive,432,open
W43-010,2026-07-28T13:51:42+04:00,P4,Product,positive,1196,resolved
W10-027,2025-12-13T18:48:07+04:00,P4,Technical,neutral,4964,open
W47-046,2026-08-25T05:09:40+04:00,P1,Account,negative,6,resolved
W47-018,2026-08-29T10:51:43+04:00,P2,Account,positive,20,resolved
W08-050,2025-11-27T04:55:55+04:00,P3,Technical,neutral,607,resolved
W37-034,2026-06-19T22:50:17+04:00,P4,Account,positive,1439,open
W48-022,2026-09-01T21:01:21+04:00,P3,Account,neutral,769,open
W42-003,2026-07-22T00:14:05+04:00,P3,Billing,positive,1194,resolved
W14-018,2026-01-07T15:36:34+04:00,P3,Product,negative,884,open
W31-029,2026-05-08T01:18:01+04:00,P2,Billing,negative,665,resolved
W38-006,2026-06-24T07:42:37+04:00,P3,Delivery,positive,1160,resolved
W48-026,2026-09-05T21:55:44+04:00,P3,Billing,negative,2582,resolved
W19-024,2026-02-13T21:29:22+04:00,P1,Delivery,negative,44,open
W02-016,2025-10-18T14:00:46+04:00,P2,Technical,neutral,159,open
W16-012,2026-01-22T10:50:54+04:00,P3,Product,positive,723,resolved
W23-013,2026-03-09T15:00:22+04:00,P3,Billing,positive,554,open
W39-025,2026-07-04T06:22:29+04:00,P2,Account,neutral,6,resolved
W06-024,2025-11-13T08:40:21+04:00,P3,Delivery,positive,508,open
W45-031,2026-08-16T13:18:50+04:00,P3,Technical,neutral,532,resolved
W46-013,2026-08-21T20:42:49+04:00,P3,Account,neutral,6,resolved
W13-055,2025-12-29T00:03:13+04:00,P4,Product,neutral,4019,resolved
W32-011,2026-05-14T19:26:52+04:00,P3,Delivery,neutral,140,resolved
W17-025,2026-01-26T23:03:49+04:00,P3,Billing,neutral,896,resolved
W48-015,2026-09-01T09:21:38+04:00,P4,Technical,neutral,6525,resolved
W17-049,2026-01-29T03:05:46+04:00,P3,Technical,neutral,997,resolved
W28-012,2026-04-14T07:47:46+04:00,P3,Delivery,neutral,717,resolved
W31-042,2026-05-09T00:15:49+04:00,P4,Account,neutral,1502,open
W31-026,2026-05-06T15:25:30+04:00,P2,Billing,positive,91,resolved
W46-049,2026-08-19T18:51:34+04:00,P4,Delivery,neutral,7868,resolved
W22-012,2026-03-08T07:38:03+04:00,P3,Delivery,positive,877,open
W30-031,2026-05-01T12:42:24+04:00,P3,Product,positive,518,open
W36-014,2026-06-13T16:40:02+04:00,P3,Billing,positive,382,resolved
W37-056,2026-06-16T01:09:33+04:00,P3,Billing,neutral,2104,open
W39-011,2026-06-29T22:45:18+04:00,P3,Delivery,positive,888,open
W14-001,2026-01-10T10:05:49+04:00,P3,Account,negative,310,resolved
W10-023,2025-12-14T22:26:06+04:00,P3,Delivery,positive,369,resolved
W23-039,2026-03-11T15:53:08+04:00,P4,Product,negative,2159,open
W00-038,2025-10-05T17:12:38+04:00,P2,Billing,negative,122,open
W24-017,2026-03-18T09:50:52+04:00,P2,Product,negative,43,resolved
W46-038,2026-08-17T22:10:38+04:00,P2,Product,neutral,109,resolved
W14-023,2026-01-09T01:07:16+04:00,P1,Product,negative,23,open
W31-012,2026-05-04T23:05:34+04:00,P3,Product,neutral,527,resolved
W28-013,2026-04-17T12:09:58+04:00,P3,Technical,neutral,1169,open
W41-048,2026-07-14T17:11:25+04:00,P2,Delivery,neutral,57,resolved
W09-054,2025-12-03T02:38:14+04:00,P4,Delivery,positive,2336,resolved
W17-002,2026-01-26T17:06:46+04:00,P2,Product,positive,526,resolved
W50-052,2026-09-15T11:47:03+04:00,P2,Delivery,negative,188,open
W41-025,2026-07-19T23:53:03+04:00,P3,Delivery,negative,2046,open
W01-041,2025-10-11T20:20:54+04:00,P4,Delivery,positive,1053,resolved
W49-023,2026-09-10T17:13:50+04:00,P3,Account,neutral,1267,open
W06-016,2025-11-13T00:55:52+04:00,P4,Delivery,positive,5833,resolved
W46-035,2026-08-17T04:22:23+04:00,P4,Product,neutral,2199,resolved
W21-040,2026-02-23T15:45:52+04:00,P3,Billing,positive,2765,open
W17-016,2026-01-26T08:24:37+04:00,P4,Technical,neutral,630,resolved
W26-014,2026-04-05T07:15:34+04:00,P4,Delivery,positive,8498,open
W26-026,2026-04-02T18:30:30+04:00,P4,Product,neutral,1238,resolved
W50-034,2026-09-14T18:40:01+04:00,P1,Delivery,negative,25,resolved
W42-011,2026-07-24T09:22:56+04:00,P3,Billing,neutral,1357,open
W29-029,2026-04-24T13:41:13+04:00,P3,Technical,negative,966,resolved
W06-027,2025-11-16T09:52:28+04:00,P3,Technical,negative,146,resolved
W31-006,2026-05-10T14:05:13+04:00,P4,Delivery,positive,97,resolved
W09-059,2025-12-05T23:40:59+04:00,P2,Product,negative,166,resolved
W04-029,2025-11-01T22:22:53+04:00,P3,Billing,positive,2282,resolved
W17-044,2026-01-31T16:27:03+04:00,P2,Billing,negative,236,resolved
W15-066,2026-01-12T12:23:02+04:00,P3,Technical,negative,884,resolved
W43-012,2026-07-28T02:41:58+04:00,P3,Account,neutral,904,resolved
W20-007,2026-02-16T11:00:09+04:00,P3,Product,positive,813,resolved
W38-015,2026-06-27T18:45:08+04:00,P1,Product,negative,7,resolved
W36-046,2026-06-13T12:48:11+04:00,P3,Billing,positive,2561,resolved
W32-005,2026-05-17T02:29:34+04:00,P3,Product,neutral,1265,resolved
W18-028,2026-02-06T03:01:10+04:00,P4,Account,neutral,96,resolved
W07-032,2025-11-19T03:04:29+04:00,P3,Account,positive,1207,resolved
W02-025,2025-10-19T02:02:01+04:00,P3,Technical,neutral,975,resolved
W49-046,2026-09-09T18:04:18+04:00,P2,Billing,negative,114,open
W47-010,2026-08-28T09:44:15+04:00,P2,Technical,negative,47,resolved
W01-027,2025-10-10T02:36:47+04:00,P2,Billing,negative,68,open
W47-041,2026-08-27T20:36:02+04:00,P4,Delivery,neutral,725,resolved
W30-013,2026-05-01T00:53:44+04:00,P4,Delivery,neutral,69,open
W06-012,2025-11-13T06:13:01+04:00,P4,Product,positive,2027,resolved
W18-013,2026-02-08T01:17:38+04:00,P3,Account,positive,1197,open
W01-008,2025-10-09T00:55:29+04:00,P3,Account,negative,661,resolved
W06-022,2025-11-11T20:05:27+04:00,P3,Technical,neutral,437,resolved
W12-026,2025-12-26T16:34:58+04:00,P3,Delivery,neutral,1330,resolved
W49-045,2026-09-09T14:06:05+04:00,P2,Delivery,positive,221,resolved
W42-014,2026-07-26T14:35:50+04:00,P3,Technical,neutral,735,open
W46-058,2026-08-22T20:10:17+04:00,P3,Billing,neutral,645,open
W22-019,2026-03-04T17:33:21+04:00,P3,Account,neutral,1073,resolved
W16-020,2026-01-22T14:36:02+04:00,P3,Technical,neutral,98,open
W06-025,2025-11-10T07:48:47+04:00,P2,Account,negative,73,open
W40-014,2026-07-10T09:04:10+04:00,P3,Delivery,neutral,19,open
W17-010,2026-01-28T05:20:37+04:00,P3,Product,negative,2382,resolved
W43-026,2026-07-29T16:44:27+04:00,P3,Account,negative,454,resolved
W10-006,2025-12-12T05:23:24+04:00,P1,Technical,positive,36,resolved
W12-003,2025-12-27T10:20:37+04:00,P3,Product,positive,927,resolved
W50-021,2026-09-20T10:05:13+04:00,P3,Technical,negative,331,resolved
W03-019,2025-10-24T16:37:06+04:00,P2,Delivery,negative,113,resolved
W15-013,2026-01-17T22:29:37+04:00,P3,Account,neutral,3578,resolved
W10-028,2025-12-11T03:03:53+04:00,P2,Delivery,negative,143,resolved
W29-039,2026-04-22T09:29:14+04:00,P2,Technical,negative,43,resolved
W47-001,2026-08-29T13:07:25+04:00,P4,Technical,negative,70,resolved
W40-026,2026-07-07T23:08:44+04:00,P4,Delivery,positive,1703,resolved
W38-014,2026-06-24T10:01:05+04:00,P4,Account,positive,1723,resolved
W37-030,2026-06-16T18:14:56+04:00,P4,Billing,positive,2561,open
W18-011,2026-02-07T00:01:08+04:00,P2,Delivery,negative,458,resolved
W33-014,2026-05-23T07:02:31+04:00,P3,Delivery,negative,927,open
W22-010,2026-03-02T15:23:52+04:00,P3,Billing,neutral,548,open
W09-048,2025-12-04T12:45:34+04:00,P3,Billing,neutral,1208,resolved
W10-029,2025-12-10T09:57:02+04:00,P1,Technical,negative,39,open
W06-009,2025-11-11T03:06:56+04:00,P2,Delivery,negative,20,resolved
W16-017,2026-01-22T20:11:29+04:00,P4,Delivery,negative,92,resolved
W27-004,2026-04-09T08:39:14+04:00,P4,Delivery,positive,1878,resolved
W20-027,2026-02-19T12:01:07+04:00,P4,Billing,neutral,1700,resolved
W32-008,2026-05-14T10:47:22+04:00,P2,Delivery,negative,237,resolved
W21-021,2026-02-26T22:48:57+04:00,P4,Delivery,negative,188,open
W12-028,2025-12-28T10:12:12+04:00,P2,Account,neutral,713,resolved
W45-001,2026-08-16T17:19:06+04:00,P1,Technical,negative,27,resolved
W14-007,2026-01-09T15:16:00+04:00,P2,Product,negative,115,open
W39-005,2026-07-03T11:02:33+04:00,P3,Product,negative,1741,resolved
W50-062,2026-09-19T16:39:10+04:00,P3,Billing,positive,1388,open
W15-002,2026-01-13T10:13:35+04:00,P4,Delivery,neutral,787,open
W14-013,2026-01-06T01:09:42+04:00,P4,Billing,neutral,492,open
W15-020,2026-01-16T16:06:15+04:00,P3,Delivery,neutral,145,open
W03-013,2025-10-24T16:41:14+04:00,P3,Account,positive,90,resolved
W07-031,2025-11-20T20:24:55+04:00,P2,Billing,positive,125,resolved
W13-037,2025-12-29T06:32:52+04:00,P3,Technical,negative,640,open
W08-044,2025-11-25T20:36:05+04:00,P2,Product,negative,122,resolved
W04-058,2025-10-27T14:07:51+04:00,P4,Technical,neutral,2738,resolved
W23-024,2026-03-10T00:20:56+04:00,P2,Technical,neutral,635,resolved
W32-009,2026-05-14T15:02:52+04:00,P3,Technical,positive,309,open
W18-038,2026-02-05T12:15:00+04:00,P4,Account,neutral,2543,open
W32-000,2026-05-14T06:27:48+04:00,P3,Billing,positive,854,resolved
W08-028,2025-11-26T05:19:21+04:00,P3,Product,negative,1145,open
W23-001,2026-03-15T10:02:32+04:00,P3,Billing,positive,1207,open
W22-035,2026-03-04T09:47:30+04:00,P2,Technical,neutral,110,resolved
W11-021,2025-12-16T07:16:48+04:00,P2,Delivery,negative,203,resolved
W17-017,2026-01-29T23:57:09+04:00,P3,Product,positive,12,resolved
W16-041,2026-01-24T08:51:32+04:00,P4,Delivery,neutral,969,resolved
W46-022,2026-08-20T03:42:10+04:00,P3,Billing,neutral,3813,resolved
W41-016,2026-07-14T00:20:27+04:00,P4,Billing,neutral,2263,resolved
W39-008,2026-06-29T04:46:13+04:00,P4,Billing,positive,583,resolved
W03-050,2025-10-24T10:35:13+04:00,P3,Technical,positive,826,resolved
W49-022,2026-09-11T03:58:51+04:00,P4,Technical,positive,4331,resolved
W32-003,2026-05-14T07:52:07+04:00,P1,Product,negative,30,resolved
W34-001,2026-05-29T06:07:04+04:00,P2,Product,negative,125,resolved
W43-037,2026-07-31T15:32:13+04:00,P4,Technical,negative,1871,open
W09-047,2025-12-07T14:17:48+04:00,P3,Account,negative,2508,open
W27-020,2026-04-09T01:13:12+04:00,P3,Technical,positive,2628,resolved
W13-018,2025-12-31T12:53:25+04:00,P2,Delivery,negative,54,open
W12-027,2025-12-28T10:49:41+04:00,P4,Account,neutral,1986,resolved
W02-018,2025-10-13T22:14:49+04:00,P2,Delivery,neutral,44,open
W30-024,2026-04-29T01:39:15+04:00,P3,Delivery,positive,1408,resolved
W22-011,2026-03-07T13:20:24+04:00,P3,Delivery,neutral,857,resolved
W04-016,2025-10-30T12:18:48+04:00,P4,Technical,positive,764,resolved
W06-030,2025-11-11T00:00:31+04:00,P4,Product,positive,1648,open
W47-036,2026-08-24T20:35:58+04:00,P2,Delivery,neutral,198,resolved
W50-048,2026-09-17T09:39:08+04:00,P3,Delivery,neutral,1146,resolved
W30-001,2026-04-28T10:09:54+04:00,P3,Product,positive,1025,resolved
W17-033,2026-01-30T09:04:11+04:00,P3,Product,positive,1264,open
W01-012,2025-10-09T11:56:58+04:00,P3,Technical,positive,1015,open
W36-030,2026-06-08T19:29:16+04:00,P3,Billing,neutral,218,resolved
W49-018,2026-09-10T05:47:29+04:00,P3,Delivery,positive,766,resolved
W08-001,2025-11-30T23:59:59+04:00,P4,Product,positive,143,open
W47-006,2026-08-24T12:13:15+04:00,P3,Product,positive,962,open
W15-003,2026-01-14T12:36:57+04:00,P4,Account,neutral,2566,resolved
W23-007,2026-03-10T13:33:17+04:00,P3,Account,neutral,562,resolved
W08-042,2025-11-27T02:30:14+04:00,P3,Technical,neutral,1312,open
W30-008,2026-04-30T07:31:30+04:00,P3,Technical,positive,27,resolved
W13-033,2025-12-31T10:51:55+04:00,P2,Delivery,negative,10,resolved
W05-004,2025-11-04T00:40:13+04:00,P3,Delivery,neutral,795,open
W40-066,2026-07-08T16:14:39+04:00,P2,Delivery,positive,123,resolved
W18-024,2026-02-05T17:57:30+04:00,P2,Technical,neutral,204,open
W17-029,2026-01-26T13:10:57+04:00,P1,Product,negative,26,resolved
W34-030,2026-05-29T12:59:03+04:00,P2,Delivery,negative,40,open
W20-008,2026-02-21T14:22:47+04:00,P2,Billing,negative,125,resolved
W31-025,2026-05-10T22:14:29+04:00,P3,Technical,negative,227,resolved
W22-000,2026-03-08T16:09:18+04:00,P3,Delivery,negative,153,resolved
W41-057,2026-07-13T22:12:35+04:00,P3,Product,positive,1678,resolved
W42-020,2026-07-20T18:14:06+04:00,P3,Account,positive,798,resolved
W40-004,2026-07-07T23:25:15+04:00,P3,Billing,neutral,694,open
W50-033,2026-09-16T23:11:47+04:00,P3,Account,negative,77,resolved
W42-012,2026-07-20T05:05:49+04:00,P2,Account,negative,194,resolved
W33-028,2026-05-21T07:15:20+04:00,P3,Product,negative,700,resolved
W06-015,2025-11-12T10:55:46+04:00,P4,Billing,neutral,1753,open
W41-031,2026-07-13T11:28:08+04:00,P3,Billing,positive,1132,open
W02-026,2025-10-19T02:57:37+04:00,P4,Product,positive,346,open
W34-017,2026-05-30T05:29:18+04:00,P3,Delivery,neutral,1006,open
W07-008,2025-11-18T15:38:43+04:00,P3,Delivery,positive,416,open
W24-018,2026-03-20T07:18:41+04:00,P4,Product,neutral,1790,open
W29-033,2026-04-21T00:21:37+04:00,P3,Account,negative,295,resolved
W46-032,2026-08-22T18:02:50+04:00,P2,Product,negative,178,resolved
W24-016,2026-03-18T05:37:00+04:00,P3,Product,neutral,532,resolved
W00-013,2025-10-04T09:52:54+04:00,P3,Product,positive,1123,resolved
W26-020,2026-03-31T18:51:18+04:00,P3,Delivery,negative,1022,resolved
W31-030,2026-05-06T07:00:49+04:00,P3,Technical,positive,841,open
W06-020,2025-11-11T05:50:02+04:00,P2,Technical,negative,653,resolved
W27-019,2026-04-07T05:23:34+04:00,P3,Technical,neutral,611,resolved
W39-012,2026-06-29T19:44:06+04:00,P3,Account,neutral,982,resolved
W01-006,2025-10-09T12:03:50+04:00,P1,Delivery,negative,59,resolved
W31-054,2026-05-08T20:04:08+04:00,P4,Account,neutral,135,open
W37-057,2026-06-21T18:20:43+04:00,P2,Billing,negative,96,resolved
W09-016,2025-12-07T05:40:07+04:00,P4,Delivery,neutral,712,resolved
W08-016,2025-11-25T02:19:42+04:00,P4,Product,positive,1060,resolved
W46-004,2026-08-18T16:02:16+04:00,P3,Account,neutral,893,resolved
W01-009,2025-10-09T06:30:02+04:00,P2,Account,negative,632,open
W37-009,2026-06-17T11:52:49+04:00,P2,Technical,negative,191,resolved
W29-007,2026-04-20T10:22:47+04:00,P3,Technical,positive,1144,open
W40-018,2026-07-11T15:01:00+04:00,P3,Product,neutral,855,open
W36-040,2026-06-08T00:53:21+04:00,P3,Delivery,neutral,458,resolved
W09-067,2025-12-06T05:40:57+04:00,P2,Billing,neutral,199,open
W00-011,2025-10-01T03:13:50+04:00,P2,Technical,neutral,57,open
W13-028,2026-01-04T20:33:05+04:00,P4,Product,neutral,1227,open
W06-031,2025-11-16T04:55:41+04:00,P3,Account,negative,1764,resolved
W24-041,2026-03-18T16:35:27+04:00,P3,Billing,positive,1337,resolved
W19-014,2026-02-15T00:55:11+04:00,P3,Delivery,positive,753,resolved
W28-020,2026-04-16T13:21:41+04:00,P3,Account,positive,1179,resolved
W24-024,2026-03-22T01:22:56+04:00,P4,Technical,positive,511,open
W07-000,2025-11-20T16:31:12+04:00,P2,Product,negative,145,open
W04-063,2025-10-31T19:36:16+04:00,P2,Account,negative,69,resolved
W02-002,2025-10-16T19:00:26+04:00,P4,Product,neutral,2460,resolved
W08-015,2025-11-29T09:56:13+04:00,P3,Technical,neutral,1217,resolved
W41-041,2026-07-16T12:38:48+04:00,P3,Product,negative,766,resolved
W24-009,2026-03-20T17:04:41+04:00,P4,Delivery,positive,914,resolved
W49-009,2026-09-11T13:47:18+04:00,P2,Product,negative,155,resolved
W32-002,2026-05-11T01:39:08+04:00,P3,Delivery,positive,855,resolved
W18-010,2026-02-08T06:25:38+04:00,P2,Product,negative,84,open
W50-027,2026-09-14T05:00:10+04:00,P3,Billing,positive,541,open
W09-061,2025-12-07T06:28:57+04:00,P4,Billing,negative,738,resolved
W13-008,2025-12-31T04:05:55+04:00,P4,Account,neutral,593,open
W06-018,2025-11-12T17:52:58+04:00,P3,Technical,negative,272,open
W42-013,2026-07-26T20:56:14+04:00,P4,Delivery,neutral,2848,open
W12-025,2025-12-22T19:23:52+04:00,P4,Account,positive,35,resolved
W13-060,2026-01-02T22:15:56+04:00,P4,Technical,positive,1568,resolved
W21-022,2026-02-24T05:15:35+04:00,P3,Account,neutral,976,open
W30-033,2026-05-03T05:11:25+04:00,P3,Delivery,positive,336,resolved
W31-059,2026-05-09T15:13:43+04:00,P2,Billing,negative,123,resolved
W10-001,2025-12-11T11:26:24+04:00,P2,Technical,positive,134,open
W21-023,2026-03-01T22:34:32+04:00,P3,Account,negative,3571,open
W09-057,2025-12-02T19:45:38+04:00,P3,Billing,negative,434,resolved
W18-058,2026-02-04T09:20:40+04:00,P4,Billing,positive,1024,resolved
W38-011,2026-06-28T21:29:49+04:00,P4,Product,positive,1109,resolved
W18-017,2026-02-03T10:17:41+04:00,P4,Technical,positive,4136,resolved
W34-026,2026-05-28T03:04:49+04:00,P2,Technical,negative,135,resolved
W15-007,2026-01-15T22:56:46+04:00,P4,Product,neutral,1822,resolved
W02-008,2025-10-16T22:29:00+04:00,P3,Product,positive,639,open
W22-005,2026-03-05T07:35:26+04:00,P3,Technical,neutral,684,resolved
W24-022,2026-03-21T02:23:06+04:00,P3,Account,negative,385,open
W15-004,2026-01-17T18:10:57+04:00,P1,Technical,negative,59,resolved
W16-037,2026-01-20T08:54:08+04:00,P3,Delivery,neutral,768,resolved
W02-017,2025-10-17T20:38:22+04:00,P4,Technical,neutral,2413,open
W49-040,2026-09-09T08:45:33+04:00,P2,Delivery,negative,217,resolved
W40-038,2026-07-12T07:36:38+04:00,P3,Technical,positive,1834,open
W20-023,2026-02-18T19:41:55+04:00,P3,Account,positive,1312,open
W29-018,2026-04-20T13:17:24+04:00,P3,Technical,negative,696,resolved
W09-015,2025-12-03T09:13:32+04:00,P4,Product,positive,2239,open
W01-059,2025-10-11T04:09:40+04:00,P3,Technical,negative,823,open
W25-014,2026-03-23T11:23:40+04:00,P3,Product,negative,1081,resolved
W07-014,2025-11-18T00:28:41+04:00,P1,Billing,negative,24,open
W41-006,2026-07-15T17:43:05+04:00,P4,Billing,positive,6563,open
W47-043,2026-08-28T01:44:23+04:00,P3,Product,neutral,920,resolved
W23-010,2026-03-15T22:34:38+04:00,P4,Product,neutral,656,resolved
W46-063,2026-08-19T13:46:33+04:00,P4,Account,neutral,2282,resolved
W34-033,2026-05-27T08:15:42+04:00,P3,Billing,neutral,1020,open
W35-024,2026-06-03T09:36:58+04:00,P3,Delivery,neutral,1178,resolved
W32-021,2026-05-14T23:08:05+04:00,P3,Billing,negative,1382,open
W03-001,2025-10-26T02:28:55+04:00,P3,Account,positive,783,open
W21-017,2026-02-26T19:48:56+04:00,P3,Delivery,positive,703,resolved
W07-016,2025-11-19T00:55:49+04:00,P2,Delivery,negative,13,open
W03-052,2025-10-21T10:36:22+04:00,P3,Account,negative,1394,resolved
W16-005,2026-01-22T16:10:59+04:00,P1,Billing,negative,10,open
W10-017,2025-12-13T23:24:16+04:00,P1,Account,positive,21,open
W37-010,2026-06-19T09:07:51+04:00,P4,Delivery,neutral,1243,resolved
W41-009,2026-07-14T00:42:27+04:00,P1,Billing,negative,7,resolved
W21-005,2026-02-23T23:24:11+04:00,P2,Technical,negative,102,open
W01-015,2025-10-11T08:45:13+04:00,P1,Account,negative,41,resolved
W07-001,2025-11-23T15:11:48+04:00,P3,Product,positive,401,resolved
W13-011,2025-12-31T21:17:13+04:00,P3,Product,neutral,1011,resolved
W48-008,2026-09-04T07:44:30+04:00,P3,Technical,positive,96,resolved
W42-002,2026-07-20T18:53:09+04:00,P3,Account,positive,1190,resolved
W09-056,2025-12-07T02:10:14+04:00,P3,Delivery,positive,14,resolved
W03-027,2025-10-20T07:32:52+04:00,P3,Product,positive,233,open
W31-009,2026-05-08T04:36:03+04:00,P2,Billing,negative,71,resolved
W17-034,2026-01-28T07:34:30+04:00,P3,Product,neutral,1497,resolved
W03-030,2025-10-21T01:34:15+04:00,P2,Technical,negative,114,open
W07-025,2025-11-21T08:30:11+04:00,P3,Billing,negative,1429,open
W50-020,2026-09-18T12:03:01+04:00,P3,Account,neutral,102,open
W01-033,2025-10-06T02:44:13+04:00,P4,Billing,positive,2732,resolved
W21-009,2026-02-28T01:42:16+04:00,P4,Product,negative,8585,open
W04-064,2025-10-30T15:22:26+04:00,P3,Product,neutral,463,open
W50-004,2026-09-15T02:09:27+04:00,P1,Account,negative,9,resolved
W09-068,2025-12-05T15:02:35+04:00,P3,Technical,positive,988,resolved
W45-030,2026-08-16T03:37:48+04:00,P4,Delivery,neutral,1804,resolved
W29-016,2026-04-24T23:07:53+04:00,P3,Billing,negative,441,resolved
W39-018,2026-06-30T03:08:36+04:00,P3,Product,positive,2245,open
W04-028,2025-10-29T10:52:56+04:00,P4,Technical,negative,2071,open
W33-032,2026-05-22T07:53:06+04:00,P4,Delivery,positive,1030,resolved
W22-014,2026-03-03T00:38:13+04:00,P3,Technical,neutral,118,open
W34-012,2026-05-27T23:54:48+04:00,P3,Technical,neutral,1439,open
W34-005,2026-05-29T16:12:33+04:00,P2,Delivery,negative,236,resolved
W40-009,2026-07-11T17:50:15+04:00,P2,Account,positive,54,open
W30-002,2026-04-30T20:19:29+04:00,P3,Product,positive,1070,open
W37-026,2026-06-16T18:26:13+04:00,P4,Account,positive,2215,resolved
W12-018,2025-12-26T10:23:30+04:00,P3,Account,negative,868,resolved
W44-032,2026-08-03T19:13:44+04:00,P2,Delivery,positive,215,open
W24-023,2026-03-16T04:11:09+04:00,P3,Billing,neutral,392,resolved
W48-019,2026-09-03T19:09:09+04:00,P3,Billing,positive,168,open
W18-003,2026-02-06T01:25:41+04:00,P3,Product,positive,3642,resolved
W15-012,2026-01-14T16:02:13+04:00,P3,Technical,positive,704,resolved
W49-034,2026-09-08T23:39:07+04:00,P2,Product,negative,165,open
W10-020,2025-12-12T14:30:59+04:00,P4,Account,neutral,4607,open
W13-061,2026-01-02T16:01:17+04:00,P3,Billing,positive,3716,resolved
W16-039,2026-01-19T10:08:20+04:00,P3,Delivery,negative,1241,open
W40-035,2026-07-06T19:29:10+04:00,P2,Account,negative,192,open
W03-011,2025-10-24T06:45:54+04:00,P3,Account,neutral,4,resolved
W01-025,2025-10-07T12:46:18+04:00,P3,Product,neutral,76,open
W01-037,2025-10-09T11:21:36+04:00,P4,Product,neutral,2035,resolved
W49-007,2026-09-10T15:31:40+04:00,P4,Delivery,positive,1044,open
W07-024,2025-11-23T23:40:56+04:00,P2,Account,neutral,57,resolved
W38-008,2026-06-25T13:55:45+04:00,P3,Account,neutral,1410,resolved
W21-014,2026-02-28T19:11:51+04:00,P3,Delivery,negative,2402,resolved
W42-021,2026-07-22T08:18:44+04:00,P2,Product,negative,583,open
W44-018,2026-08-05T13:10:54+04:00,P3,Product,negative,334,open
W13-029,2026-01-02T06:59:31+04:00,P3,Account,neutral,680,resolved
W37-038,2026-06-15T20:46:41+04:00,P1,Technical,negative,53,resolved
W47-012,2026-08-28T08:25:21+04:00,P1,Technical,negative,49,resolved
W15-021,2026-01-18T13:59:44+04:00,P3,Technical,negative,1430,open
W12-015,2025-12-23T00:46:51+04:00,P3,Product,neutral,538,resolved
W20-015,2026-02-18T16:14:42+04:00,P3,Technical,neutral,130,resolved
W21-012,2026-02-27T23:04:09+04:00,P1,Billing,negative,58,resolved
W03-032,2025-10-21T16:27:02+04:00,P3,Billing,neutral,2264,resolved
W01-042,2025-10-08T17:42:54+04:00,P3,Delivery,positive,289,open
W49-002,2026-09-13T10:37:54+04:00,P3,Account,negative,1193,resolved
W05-024,2025-11-05T09:28:29+04:00,P4,Billing,positive,2516,resolved
W27-028,2026-04-12T11:35:34+04:00,P3,Billing,negative,2244,open
W43-048,2026-08-02T08:51:24+04:00,P3,Technical,negative,1065,open
W49-004,2026-09-09T11:08:06+04:00,P2,Product,negative,21,resolved
W27-033,2026-04-08T23:08:28+04:00,P1,Product,negative,105,resolved
W22-032,2026-03-03T21:18:17+04:00,P4,Product,neutral,517,resolved
W08-024,2025-11-25T16:45:26+04:00,P2,Billing,positive,175,open
W13-049,2026-01-01T22:54:59+04:00,P3,Account,negative,220,open
W47-026,2026-08-24T21:06:49+04:00,P2,Delivery,neutral,455,resolved
W33-000,2026-05-18T00:00:00+04:00,P2,Technical,negative,108,resolved
W26-011,2026-04-01T18:29:36+04:00,P4,Product,neutral,1191,open
W03-028,2025-10-23T03:48:53+04:00,P2,Account,negative,68,open
W02-003,2025-10-14T07:31:15+04:00,P2,Account,negative,58,resolved
W17-040,2026-01-31T22:06:41+04:00,P1,Product,negative,40,resolved
W34-006,2026-05-30T08:53:52+04:00,P4,Delivery,neutral,921,resolved
W44-009,2026-08-05T04:33:46+04:00,P3,Delivery,positive,239,resolved
W36-018,2026-06-11T11:07:46+04:00,P3,Account,negative,1312,resolved
W18-041,2026-02-03T11:49:10+04:00,P2,Account,negative,102,resolved
W34-034,2026-05-29T17:15:34+04:00,P2,Account,positive,141,resolved
W18-061,2026-02-07T07:43:51+04:00,P4,Account,neutral,2538,resolved
W07-004,2025-11-20T09:30:18+04:00,P4,Product,neutral,584,resolved
W09-012,2025-12-07T19:39:39+04:00,P1,Product,negative,48,resolved
W31-047,2026-05-05T13:26:37+04:00,P3,Product,positive,1424,resolved
W04-013,2025-11-01T19:04:01+04:00,P4,Technical,neutral,1949,open
W48-024,2026-09-01T23:20:07+04:00,P2,Account,negative,123,resolved
W24-019,2026-03-17T18:07:22+04:00,P3,Technical,neutral,4176,resolved
W08-051,2025-11-27T19:04:57+04:00,P1,Billing,negative,24,resolved
W45-024,2026-08-15T14:12:02+04:00,P4,Billing,negative,2112,open
W04-042,2025-11-02T07:49:31+04:00,P3,Delivery,negative,1353,resolved
W08-039,2025-11-30T08:39:37+04:00,P4,Delivery,positive,2443,resolved
W43-024,2026-07-27T23:11:13+04:00,P4,Account,positive,1068,open
W08-020,2025-11-27T01:23:59+04:00,P4,Delivery,positive,1881,resolved
W24-002,2026-03-22T15:21:53+04:00,P4,Technical,neutral,1268,resolved
W23-002,2026-03-10T14:00:23+04:00,P3,Delivery,negative,218,open
W04-012,2025-10-28T05:17:08+04:00,P3,Technical,negative,968,open
W29-026,2026-04-20T05:52:13+04:00,P4,Delivery,neutral,6283,resolved
W03-002,2025-10-25T19:58:55+04:00,P3,Billing,neutral,107,resolved
W15-033,2026-01-13T14:26:04+04:00,P3,Delivery,positive,1162,resolved
W22-003,2026-03-07T06:18:11+04:00,P3,Account,positive,648,resolved
W45-019,2026-08-11T05:43:32+04:00,P3,Technical,positive,600,resolved
W40-049,2026-07-12T13:51:30+04:00,P1,Product,negative,26,resolved
W31-048,2026-05-07T16:14:32+04:00,P3,Product,negative,434,resolved
W00-005,2025-10-02T16:30:35+04:00,P4,Billing,positive,2,resolved
W46-015,2026-08-21T13:40:22+04:00,P4,Technical,positive,1616,resolved
W43-014,2026-07-31T14:48:48+04:00,P4,Billing,negative,1126,resolved
W05-023,2025-11-08T14:34:58+04:00,P4,Billing,neutral,1747,resolved
W27-023,2026-04-10T02:27:46+04:00,P4,Account,positive,133,resolved
W30-023,2026-05-02T22:41:22+04:00,P2,Delivery,negative,24,resolved
W33-023,2026-05-22T17:57:23+04:00,P4,Billing,neutral,994,resolved
W40-028,2026-07-06T00:58:09+04:00,P3,Technical,negative,249,resolved
W46-016,2026-08-21T19:17:35+04:00,P3,Account,neutral,1192,open
W45-021,2026-08-15T07:15:16+04:00,P3,Billing,negative,661,resolved
W25-011,2026-03-29T01:14:33+04:00,P4,Delivery,neutral,2024,resolved
W08-048,2025-11-24T03:42:48+04:00,P1,Product,positive,1,open
W23-029,2026-03-13T06:54:32+04:00,P2,Billing,negative,38,open
W50-054,2026-09-16T02:33:11+04:00,P3,Delivery,positive,117,resolved
W15-000,2026-01-12T00:00:00+04:00,P2,Billing,negative,106,resolved
W44-001,2026-08-09T23:59:59+04:00,P3,Product,negative,901,resolved
W18-043,2026-02-06T03:30:24+04:00,P2,Product,negative,83,resolved
W01-048,2025-10-12T13:20:32+04:00,P2,Account,negative,172,resolved
W08-022,2025-11-29T20:18:59+04:00,P4,Delivery,positive,443,resolved
W50-007,2026-09-15T14:24:16+04:00,P4,Billing,negative,760,resolved
W12-021,2025-12-23T19:00:50+04:00,P3,Technical,negative,3984,resolved
W50-025,2026-09-20T21:50:43+04:00,P2,Delivery,positive,102,open
W09-022,2025-12-06T09:48:35+04:00,P3,Account,neutral,2858,resolved
W04-051,2025-10-31T14:52:32+04:00,P3,Billing,neutral,580,resolved
W01-032,2025-10-08T22:08:48+04:00,P3,Billing,negative,3007,resolved
W05-018,2025-11-09T23:32:58+04:00,P1,Delivery,negative,36,resolved
W31-061,2026-05-10T21:49:45+04:00,P3,Technical,neutral,615,resolved
W06-008,2025-11-14T18:22:56+04:00,P4,Billing,positive,2770,resolved
W01-024,2025-10-09T20:40:32+04:00,P2,Product,negative,12,open
W22-027,2026-03-08T12:14:44+04:00,P3,Delivery,negative,374,resolved
W40-019,2026-07-06T11:16:30+04:00,P3,Delivery,neutral,615,resolved
W33-001,2026-05-24T12:19:59+04:00,P2,Product,negative,230,resolved
W37-020,2026-06-21T20:03:10+04:00,P2,Account,negative,6,resolved
W40-052,2026-07-09T07:36:30+04:00,P4,Account,positive,7165,open
W03-005,2025-10-24T16:28:44+04:00,P4,Product,negative,966,resolved
W19-012,2026-02-12T02:08:13+04:00,P3,Delivery,positive,767,open
W18-048,2026-02-06T08:13:22+04:00,P3,Billing,neutral,576,resolved
W37-021,2026-06-15T08:42:30+04:00,P2,Billing,negative,97,resolved
W37-012,2026-06-17T12:06:16+04:00,P1,Technical,negative,22,resolved
W43-042,2026-08-01T02:54:21+04:00,P3,Account,positive,696,resolved
W34-041,2026-05-31T14:05:53+04:00,P4,Billing,positive,2340,resolved
W23-034,2026-03-10T18:41:49+04:00,P3,Delivery,neutral,305,resolved
W01-017,2025-10-12T16:26:36+04:00,P1,Account,negative,20,resolved
W45-004,2026-08-10T17:42:35+04:00,P2,Account,negative,88,resolved
W35-022,2026-06-02T21:38:52+04:00,P4,Account,neutral,2260,open
W35-004,2026-06-07T02:41:23+04:00,P3,Delivery,neutral,85,resolved
W12-019,2025-12-24T01:17:57+04:00,P2,Delivery,negative,397,resolved
W37-036,2026-06-15T21:01:54+04:00,P1,Account,negative,59,open
W33-031,2026-05-19T06:38:19+04:00,P4,Product,positive,2614,resolved
W28-011,2026-04-16T02:59:10+04:00,P3,Billing,negative,531,resolved
W31-040,2026-05-08T20:02:29+04:00,P1,Product,negative,164,open
W14-003,2026-01-09T15:36:19+04:00,P4,Billing,neutral,1692,resolved
W29-042,2026-04-21T17:13:11+04:00,P3,Delivery,positive,340,resolved
W35-001,2026-06-05T19:01:29+04:00,P3,Delivery,positive,1930,resolved
W39-007,2026-06-30T18:51:59+04:00,P2,Technical,negative,193,resolved
W38-016,2026-06-22T11:57:07+04:00,P3,Technical,negative,1664,resolved
W07-037,2025-11-17T14:01:26+04:00,P3,Delivery,negative,1446,resolved
W31-004,2026-05-09T12:31:30+04:00,P3,Account,negative,1259,resolved
W10-010,2025-12-08T07:57:59+04:00,P4,Delivery,positive,2404,resolved
W01-013,2025-10-09T22:09:37+04:00,P4,Account,negative,4948,resolved
W34-038,2026-05-30T10:27:41+04:00,P3,Account,neutral,278,resolved
W35-025,2026-06-04T20:06:15+04:00,P3,Product,negative,997,open
W06-003,2025-11-15T07:53:18+04:00,P4,Technical,positive,357,resolved
W27-003,2026-04-11T09:27:50+04:00,P3,Technical,neutral,70,resolved
W16-043,2026-01-23T22:20:24+04:00,P2,Billing,positive,197,resolved
W47-020,2026-08-25T12:49:19+04:00,P3,Delivery,neutral,1036,resolved
W29-008,2026-04-22T08:59:43+04:00,P3,Billing,negative,451,resolved
W45-015,2026-08-13T06:30:50+04:00,P4,Account,negative,2867,open
W09-029,2025-12-07T18:33:13+04:00,P3,Technical,negative,2472,resolved
W14-009,2026-01-09T17:55:54+04:00,P3,Delivery,positive,523,resolved
W03-020,2025-10-23T05:41:16+04:00,P4,Product,positive,2127,resolved
W40-065,2026-07-08T17:20:12+04:00,P4,Account,negative,1242,resolved
W43-038,2026-07-28T14:20:28+04:00,P3,Technical,positive,1240,resolved
W04-049,2025-10-31T00:58:58+04:00,P2,Account,neutral,223,resolved
W28-014,2026-04-17T08:56:28+04:00,P3,Product,neutral,3927,resolved
W15-051,2026-01-15T15:57:42+04:00,P2,Product,negative,211,open
W47-016,2026-08-30T16:36:51+04:00,P3,Account,negative,3660,resolved
W03-029,2025-10-22T10:18:22+04:00,P3,Account,negative,1006,resolved
W04-027,2025-10-31T09:22:38+04:00,P3,Account,neutral,1082,resolved
W42-005,2026-07-23T14:05:04+04:00,P3,Account,positive,3579,resolved
W49-019,2026-09-11T20:54:33+04:00,P4,Product,positive,1858,open
W27-018,2026-04-11T04:31:18+04:00,P3,Delivery,neutral,899,open
W08-045,2025-11-25T15:57:06+04:00,P3,Technical,neutral,553,resolved
W02-015,2025-10-18T01:39:43+04:00,P3,Technical,positive,1312,resolved
W36-024,2026-06-13T15:25:29+04:00,P2,Account,negative,105,resolved
W31-038,2026-05-08T16:13:52+04:00,P1,Product,negative,56,resolved
W03-036,2025-10-25T06:00:33+04:00,P2,Account,negative,34,open
W17-042,2026-01-30T05:00:08+04:00,P4,Product,neutral,2647,resolved
W32-015,2026-05-17T12:56:22+04:00,P3,Account,neutral,670,resolved
W16-002,2026-01-23T21:48:09+04:00,P4,Account,positive,2731,resolved
W37-054,2026-06-18T09:14:10+04:00,P3,Delivery,neutral,69,resolved
W47-017,2026-08-27T05:33:25+04:00,P3,Account,positive,893,resolved
W15-027,2026-01-18T11:12:19+04:00,P3,Account,neutral,1090,resolved
W03-047,2025-10-26T01:07:49+04:00,P4,Billing,positive,653,open
W36-011,2026-06-09T11:31:43+04:00,P3,Product,positive,217,resolved
W16-003,2026-01-25T00:50:29+04:00,P3,Billing,neutral,3445,resolved
W01-031,2025-10-08T23:07:39+04:00,P1,Technical,negative,10,open
W04-017,2025-10-30T10:53:04+04:00,P1,Account,negative,22,resolved
W32-032,2026-05-14T15:35:00+04:00,P3,Delivery,positive,1336,resolved
W26-030,2026-04-04T14:21:31+04:00,P4,Delivery,positive,1681,resolved
W00-000,2025-09-29T00:00:00+04:00,P2,Delivery,negative,89,open
W16-013,2026-01-19T07:50:06+04:00,P2,Account,negative,90,open
W47-022,2026-08-28T23:25:25+04:00,P4,Technical,negative,1402,resolved
W18-006,2026-02-05T03:39:34+04:00,P4,Delivery,neutral,1528,open
W18-057,2026-02-02T23:49:42+04:00,P4,Account,neutral,1371,open
W04-045,2025-10-29T17:38:10+04:00,P2,Product,negative,62,resolved
W50-049,2026-09-16T09:57:15+04:00,P3,Billing,positive,327,resolved
W33-005,2026-05-21T15:42:14+04:00,P3,Account,negative,379,resolved
W07-020,2025-11-17T05:41:18+04:00,P3,Account,negative,1114,resolved
W10-009,2025-12-14T20:02:05+04:00,P4,Account,positive,1545,resolved
W33-026,2026-05-21T18:37:55+04:00,P3,Delivery,neutral,1067,open
W17-020,2026-01-30T17:09:34+04:00,P4,Product,negative,668,resolved
W44-008,2026-08-05T23:59:00+04:00,P3,Product,negative,594,resolved
W07-038,2025-11-21T06:18:12+04:00,P3,Product,positive,776,open
W43-030,2026-08-02T05:13:16+04:00,P1,Delivery,negative,147,open
W30-029,2026-04-29T06:30:00+04:00,P2,Product,negative,26,resolved
W13-054,2025-12-30T07:40:27+04:00,P2,Product,negative,18,open
W46-062,2026-08-23T21:01:43+04:00,P4,Billing,positive,4168,resolved
W50-018,2026-09-17T07:20:31+04:00,P3,Billing,neutral,791,open
W18-002,2026-02-07T08:47:01+04:00,P3,Billing,positive,1115,open
W15-017,2026-01-16T22:26:09+04:00,P3,Technical,neutral,1491,resolved
W21-045,2026-02-25T22:09:15+04:00,P3,Billing,positive,244,resolved
W19-005,2026-02-10T10:30:49+04:00,P3,Account,positive,134,resolved
W10-024,2025-12-13T05:53:34+04:00,P4,Billing,positive,2275,resolved
W09-030,2025-12-05T21:48:14+04:00,P3,Billing,positive,1291,resolved
W44-010,2026-08-03T20:21:17+04:00,P3,Account,neutral,902,resolved
W40-029,2026-07-07T11:22:18+04:00,P2,Delivery,neutral,87,open
W48-001,2026-09-06T23:59:59+04:00,P4,Product,neutral,893,open
W29-012,2026-04-23T13:05:05+04:00,P3,Account,neutral,475,open
W50-050,2026-09-14T04:43:50+04:00,P2,Billing,negative,35,resolved
W00-027,2025-10-02T18:35:47+04:00,P2,Account,neutral,42,resolved
W29-030,2026-04-26T11:18:24+04:00,P3,Billing,positive,1440,open
W31-003,2026-05-05T19:48:12+04:00,P4,Product,positive,328,resolved
W43-022,2026-07-30T13:40:53+04:00,P3,Billing,negative,1253,resolved
W40-021,2026-07-06T22:10:02+04:00,P2,Product,negative,265,resolved
W24-033,2026-03-21T00:47:41+04:00,P2,Delivery,negative,233,open
W18-032,2026-02-05T22:26:06+04:00,P1,Product,negative,175,resolved
W50-015,2026-09-20T22:43:20+04:00,P3,Account,positive,610,resolved
W43-008,2026-07-30T12:07:13+04:00,P3,Delivery,negative,1110,open
W05-007,2025-11-05T08:57:27+04:00,P3,Technical,neutral,1016,resolved
W15-065,2026-01-12T22:53:43+04:00,P4,Billing,positive,3947,resolved
W50-014,2026-09-19T15:13:39+04:00,P3,Technical,negative,1150,resolved
W42-006,2026-07-21T05:59:04+04:00,P3,Delivery,neutral,3756,resolved
W17-039,2026-02-01T17:27:10+04:00,P1,Product,positive,39,resolved
W41-040,2026-07-13T11:52:39+04:00,P2,Delivery,positive,688,resolved
W43-033,2026-07-29T10:55:23+04:00,P3,Delivery,negative,2783,resolved
W06-005,2025-11-13T09:52:19+04:00,P3,Billing,neutral,1091,open
W46-047,2026-08-17T21:11:51+04:00,P2,Billing,positive,210,resolved
W37-043,2026-06-20T18:18:59+04:00,P3,Technical,positive,178,resolved
W35-023,2026-06-05T16:25:19+04:00,P3,Account,positive,2286,open
W31-057,2026-05-10T16:46:28+04:00,P3,Product,negative,545,resolved
W30-032,2026-04-28T07:24:54+04:00,P3,Product,neutral,1039,resolved
W42-000,2026-07-20T00:00:00+04:00,P3,Billing,neutral,435,resolved
W05-017,2025-11-08T05:22:45+04:00,P3,Technical,positive,680,resolved
W04-010,2025-10-30T07:06:55+04:00,P3,Billing,positive,1426,resolved
W16-009,2026-01-20T23:48:37+04:00,P3,Technical,negative,621,resolved
W43-034,2026-08-01T02:11:00+04:00,P2,Billing,negative,210,resolved
W30-010,2026-05-03T14:54:49+04:00,P4,Product,positive,1940,resolved
W03-014,2025-10-21T06:11:39+04:00,P2,Technical,negative,364,open
W10-022,2025-12-10T13:19:19+04:00,P2,Account,negative,109,resolved
W46-000,2026-08-22T05:02:42+04:00,P3,Account,negative,1253,resolved
W31-052,2026-05-05T10:50:00+04:00,P4,Delivery,neutral,1140,open
W35-012,2026-06-07T22:27:32+04:00,P4,Technical,neutral,6783,open
W23-050,2026-03-09T16:18:36+04:00,P4,Account,neutral,1641,resolved
W07-011,2025-11-18T19:12:08+04:00,P4,Delivery,neutral,1343,resolved
W14-012,2026-01-06T02:46:47+04:00,P3,Billing,positive,49,resolved
W11-014,2025-12-18T00:30:55+04:00,P2,Delivery,neutral,634,resolved
W41-013,2026-07-18T15:24:09+04:00,P4,Technical,positive,2194,resolved
W13-022,2025-12-30T10:20:54+04:00,P3,Billing,negative,4002,open
W15-068,2026-01-14T10:15:40+04:00,P2,Technical,neutral,53,resolved
W37-028,2026-06-16T01:10:44+04:00,P4,Product,positive,1769,open
W01-058,2025-10-12T07:53:01+04:00,P3,Product,neutral,1350,resolved
W41-014,2026-07-19T11:24:20+04:00,P4,Technical,neutral,942,resolved
W47-035,2026-08-25T17:08:32+04:00,P4,Technical,neutral,2109,resolved
W32-028,2026-05-17T06:26:25+04:00,P3,Technical,negative,1185,resolved
W04-041,2025-11-02T23:48:15+04:00,P2,Technical,negative,60,resolved
W19-015,2026-02-09T22:06:14+04:00,P2,Technical,negative,166,resolved
W11-006,2025-12-19T14:12:17+04:00,P3,Billing,negative,799,resolved
W17-009,2026-02-01T17:51:07+04:00,P3,Billing,positive,310,open
W40-036,2026-07-10T11:26:29+04:00,P2,Product,negative,83,resolved
W01-000,2025-10-11T11:13:18+04:00,P4,Account,neutral,1559,resolved
W42-034,2026-07-23T17:26:55+04:00,P2,Product,negative,76,resolved
W30-011,2026-04-29T03:31:41+04:00,P1,Technical,negative,46,resolved
W05-015,2025-11-09T12:23:06+04:00,P3,Account,positive,737,open
W24-025,2026-03-22T08:23:03+04:00,P4,Product,positive,1745,resolved
W31-050,2026-05-09T21:20:17+04:00,P2,Account,negative,222,open
W16-035,2026-01-22T23:54:41+04:00,P3,Technical,negative,2724,open
W16-007,2026-01-25T15:12:52+04:00,P3,Account,negative,1108,resolved
W41-001,2026-07-16T08:42:21+04:00,P3,Technical,neutral,4263,open
W14-010,2026-01-07T04:24:16+04:00,P4,Billing,neutral,2776,resolved
W07-030,2025-11-20T15:53:43+04:00,P4,Technical,positive,1379,resolved
W22-022,2026-03-08T21:41:14+04:00,P3,Product,negative,1293,resolved
W46-007,2026-08-21T22:39:28+04:00,P3,Account,neutral,419,resolved
W49-028,2026-09-08T09:53:15+04:00,P3,Billing,negative,851,resolved
W01-004,2025-10-08T09:37:08+04:00,P3,Product,negative,542,resolved
W30-017,2026-05-01T06:08:39+04:00,P3,Account,neutral,1149,resolved
W22-029,2026-03-02T11:43:31+04:00,P3,Delivery,neutral,2607,resolved
W40-005,2026-07-11T01:44:32+04:00,P3,Product,positive,822,resolved
W46-020,2026-08-22T18:12:09+04:00,P3,Product,neutral,145,resolved
W17-036,2026-01-31T18:03:33+04:00,P4,Account,positive,607,resolved
W26-028,2026-04-04T14:19:15+04:00,P3,Billing,neutral,1287,open
W04-057,2025-10-29T05:36:28+04:00,P2,Delivery,negative,126,open
W40-024,2026-07-08T10:19:44+04:00,P4,Product,positive,2688,resolved
W08-034,2025-11-26T01:06:35+04:00,P4,Delivery,neutral,858,open
W38-027,2026-06-26T14:00:09+04:00,P3,Delivery,negative,4303,resolved
W15-063,2026-01-17T08:43:25+04:00,P4,Technical,positive,570,open
W24-011,2026-03-21T21:38:37+04:00,P4,Billing,neutral,2476,resolved
W41-005,2026-07-15T04:15:05+04:00,P3,Billing,negative,93,resolved
W02-020,2025-10-13T21:56:53+04:00,P2,Delivery,negative,195,resolved
W34-003,2026-05-27T03:49:10+04:00,P3,Account,positive,1103,resolved
W27-030,2026-04-10T11:06:10+04:00,P3,Account,negative,1261,resolved
W01-051,2025-10-08T07:17:08+04:00,P4,Delivery,positive,5141,resolved
W13-003,2026-01-04T06:34:41+04:00,P4,Delivery,positive,224,resolved
W47-003,2026-08-29T06:04:36+04:00,P4,Delivery,negative,1786,open
W11-012,2025-12-15T09:14:38+04:00,P3,Delivery,positive,950,resolved
W11-007,2025-12-18T07:11:11+04:00,P2,Product,negative,205,resolved
W48-018,2026-09-01T06:59:45+04:00,P3,Product,positive,889,resolved
W00-004,2025-10-04T02:27:49+04:00,P3,Delivery,positive,393,open
W28-015,2026-04-17T11:16:32+04:00,P4,Delivery,positive,657,resolved
W50-055,2026-09-16T19:14:03+04:00,P3,Billing,negative,355,open
W09-043,2025-12-02T15:07:09+04:00,P2,Billing,positive,93,open
W08-053,2025-11-28T12:32:02+04:00,P3,Product,positive,191,resolved
W34-032,2026-05-28T12:53:07+04:00,P3,Account,neutral,639,resolved
W23-041,2026-03-10T16:35:18+04:00,P3,Billing,neutral,740,resolved
W43-005,2026-07-28T06:33:16+04:00,P3,Delivery,negative,917,open
W11-010,2025-12-18T10:10:18+04:00,P1,Technical,neutral,7,resolved
W37-018,2026-06-16T11:02:49+04:00,P4,Delivery,positive,839,open
W41-061,2026-07-16T13:37:07+04:00,P3,Technical,negative,1425,resolved
W27-000,2026-04-06T00:00:00+04:00,P2,Billing,negative,140,resolved
W32-031,2026-05-15T20:35:53+04:00,P3,Product,negative,861,resolved
W37-047,2026-06-20T14:54:39+04:00,P4,Technical,positive,4365,resolved
W04-040,2025-10-29T20:15:22+04:00,P3,Technical,negative,3238,open
W49-038,2026-09-10T22:48:14+04:00,P4,Account,negative,1506,open
W43-050,2026-07-27T01:51:14+04:00,P3,Product,positive,307,resolved
W07-022,2025-11-20T09:49:39+04:00,P3,Billing,negative,61,resolved
W23-028,2026-03-15T04:59:51+04:00,P3,Technical,neutral,211,resolved
W41-037,2026-07-16T13:58:08+04:00,P2,Technical,negative,174,open
W50-005,2026-09-18T21:32:15+04:00,P3,Billing,positive,1271,resolved
W37-001,2026-06-15T07:03:21+04:00,P4,Delivery,neutral,2285,resolved
W04-021,2025-11-01T19:04:06+04:00,P3,Technical,neutral,288,resolved
W36-022,2026-06-13T11:18:04+04:00,P4,Delivery,neutral,1307,resolved
W50-059,2026-09-19T00:27:57+04:00,P1,Delivery,negative,47,resolved
W35-026,2026-06-02T00:58:35+04:00,P4,Account,neutral,268,resolved
W39-022,2026-07-04T13:52:12+04:00,P2,Billing,positive,583,resolved
W29-022,2026-04-23T12:31:23+04:00,P3,Billing,positive,470,resolved
W04-008,2025-10-31T04:31:39+04:00,P2,Account,negative,210,resolved
W09-021,2025-12-05T00:25:48+04:00,P3,Delivery,negative,680,resolved
W42-031,2026-07-21T23:50:52+04:00,P4,Product,neutral,840,open
W07-012,2025-11-19T02:38:33+04:00,P3,Delivery,neutral,533,resolved
W46-027,2026-08-19T08:00:28+04:00,P3,Technical,positive,453,open
W29-009,2026-04-21T01:50:20+04:00,P3,Product,positive,407,open
W13-009,2026-01-01T12:06:48+04:00,P1,Delivery,negative,29,open
W22-037,2026-03-03T18:35:11+04:00,P2,Product,negative,238,resolved
W43-049,2026-07-29T16:41:13+04:00,P3,Account,positive,4268,resolved
W25-017,2026-03-24T05:55:34+04:00,P4,Product,neutral,2532,resolved
W37-025,2026-06-19T10:58:58+04:00,P4,Product,neutral,363,resolved
W30-030,2026-05-02T12:56:57+04:00,P3,Product,neutral,1263,open
W44-004,2026-08-05T01:51:48+04:00,P2,Account,neutral,226,resolved
W25-015,2026-03-26T20:23:17+04:00,P3,Technical,positive,563,resolved
W30-006,2026-05-01T15:23:55+04:00,P4,Delivery,neutral,783,resolved
W36-019,2026-06-11T01:18:13+04:00,P3,Delivery,neutral,1400,resolved
W29-011,2026-04-22T20:21:57+04:00,P2,Product,negative,162,open
W15-018,2026-01-17T19:44:48+04:00,P2,Delivery,negative,5,open
W43-017,2026-07-30T20:41:53+04:00,P3,Billing,neutral,1090,open
W04-052,2025-11-01T15:44:00+04:00,P3,Delivery,positive,1019,resolved
W07-019,2025-11-21T15:33:40+04:00,P3,Product,positive,2586,resolved
W29-005,2026-04-20T21:39:21+04:00,P3,Technical,neutral,456,resolved
W21-026,2026-02-24T22:40:18+04:00,P2,Technical,negative,8,resolved
W19-023,2026-02-12T17:00:15+04:00,P3,Account,negative,1966,open
W13-044,2026-01-04T21:22:50+04:00,P3,Account,negative,954,resolved
W39-016,2026-07-05T05:42:18+04:00,P3,Account,positive,888,resolved
W50-061,2026-09-18T16:31:23+04:00,P4,Product,neutral,205,resolved
W11-020,2025-12-19T02:34:21+04:00,P3,Delivery,neutral,188,open
W21-034,2026-02-26T10:32:38+04:00,P3,Delivery,positive,302,resolved
W08-054,2025-11-28T16:20:52+04:00,P2,Product,negative,214,open
W29-002,2026-04-24T11:38:11+04:00,P3,Billing,negative,53,resolved
W23-016,2026-03-11T03:28:40+04:00,P4,Technical,neutral,1146,resolved
W15-045,2026-01-16T19:47:49+04:00,P3,Product,neutral,740,resolved
W09-026,2025-12-07T11:18:26+04:00,P2,Technical,negative,138,resolved
W26-027,2026-04-02T00:49:25+04:00,P3,Delivery,neutral,409,resolved
W42-028,2026-07-20T19:27:18+04:00,P4,Product,neutral,2316,resolved
W42-025,2026-07-26T00:15:26+04:00,P2,Delivery,negative,5,resolved
W13-056,2025-12-31T08:59:31+04:00,P3,Product,positive,916,resolved
W06-019,2025-11-15T03:00:28+04:00,P3,Technical,negative,247,open
W25-012,2026-03-27T15:30:55+04:00,P4,Product,positive,1339,resolved
W00-033,2025-10-02T09:14:37+04:00,P3,Account,negative,178,resolved
W13-007,2025-12-29T12:47:18+04:00,P3,Account,neutral,780,resolved
W34-007,2026-05-27T17:22:52+04:00,P2,Billing,negative,127,open
W31-031,2026-05-10T22:11:41+04:00,P1,Billing,negative,6,open
W01-049,2025-10-10T22:52:20+04:00,P3,Billing,neutral,1261,resolved
W42-032,2026-07-25T02:53:13+04:00,P2,Account,negative,57,resolved
W09-027,2025-12-02T06:16:15+04:00,P3,Billing,neutral,869,resolved
W31-064,2026-05-07T00:31:58+04:00,P3,Delivery,positive,1090,resolved
W11-002,2025-12-16T02:05:04+04:00,P3,Account,positive,466,resolved
W15-043,2026-01-18T09:20:05+04:00,P3,Delivery,negative,1195,resolved
W05-016,2025-11-07T07:24:13+04:00,P3,Technical,negative,1362,resolved
W09-046,2025-12-01T09:05:09+04:00,P2,Technical,neutral,162,open
W07-005,2025-11-21T12:29:46+04:00,P1,Billing,negative,45,resolved
W23-027,2026-03-12T05:54:08+04:00,P4,Delivery,neutral,2227,open
W18-033,2026-02-04T20:52:58+04:00,P3,Technical,negative,1223,resolved
W10-021,2025-12-11T04:33:37+04:00,P2,Delivery,negative,141,resolved
W49-021,2026-09-13T02:26:53+04:00,P3,Product,positive,1218,resolved
W23-036,2026-03-13T16:08:40+04:00,P2,Technical,negative,633,resolved
W47-029,2026-08-24T23:33:19+04:00,P4,Technical,neutral,1751,open
W36-007,2026-06-13T11:02:07+04:00,P3,Account,negative,171,open
W44-025,2026-08-04T11:13:52+04:00,P2,Product,negative,11,open
W44-023,2026-08-04T10:23:35+04:00,P1,Billing,negative,81,open
W09-010,2025-12-04T05:45:47+04:00,P2,Product,negative,52,resolved
W46-002,2026-08-19T22:49:29+04:00,P3,Product,negative,729,open
W32-027,2026-05-13T11:53:41+04:00,P4,Billing,positive,814,resolved
W23-005,2026-03-14T01:48:47+04:00,P3,Billing,neutral,2226,open
W24-039,2026-03-16T07:28:05+04:00,P4,Account,positive,383,resolved
W19-003,2026-02-13T14:22:09+04:00,P1,Delivery,neutral,9,open
W26-002,2026-04-05T10:14:46+04:00,P4,Billing,positive,1131,open
W50-064,2026-09-15T18:56:34+04:00,P4,Delivery,positive,2078,resolved
W36-020,2026-06-13T05:16:27+04:00,P4,Technical,negative,248,resolved
W44-022,2026-08-04T18:17:16+04:00,P2,Account,negative,30,resolved
W48-012,2026-09-05T03:21:09+04:00,P3,Account,neutral,3871,resolved
W43-006,2026-07-29T02:44:37+04:00,P2,Account,negative,574,resolved
W09-019,2025-12-07T09:01:56+04:00,P3,Delivery,positive,2742,resolved
W44-021,2026-08-08T01:02:51+04:00,P4,Account,neutral,2362,resolved
W01-052,2025-10-06T06:13:14+04:00,P4,Product,negative,2620,resolved
W13-017,2026-01-01T13:17:37+04:00,P3,Product,positive,133,resolved
W44-030,2026-08-09T23:53:50+04:00,P3,Account,negative,18,open
W29-000,2026-04-23T09:09:23+04:00,P4,Delivery,neutral,2730,resolved
W31-034,2026-05-06T03:02:02+04:00,P3,Billing,neutral,491,resolved
W48-005,2026-09-02T05:29:25+04:00,P2,Product,negative,441,resolved
W41-059,2026-07-15T08:42:43+04:00,P3,Product,neutral,835,resolved
W40-060,2026-07-12T07:07:50+04:00,P3,Technical,positive,776,open
W02-007,2025-10-14T02:43:34+04:00,P3,Technical,negative,63,open
W40-053,2026-07-10T17:08:30+04:00,P4,Billing,neutral,4609,resolved
W40-016,2026-07-08T09:16:54+04:00,P2,Account,negative,136,resolved
W18-034,2026-02-07T15:23:22+04:00,P3,Account,neutral,652,open
W16-040,2026-01-22T18:04:51+04:00,P3,Technical,neutral,788,open
W08-000,2025-11-29T18:18:09+04:00,P2,Technical,positive,176,open
W24-029,2026-03-16T09:30:20+04:00,P3,Account,neutral,1031,open
W13-020,2026-01-02T07:04:02+04:00,P3,Delivery,positive,1178,resolved
W08-008,2025-11-28T21:00:33+04:00,P3,Account,neutral,295,resolved
W49-013,2026-09-08T18:58:04+04:00,P3,Account,neutral,835,open
W07-039,2025-11-17T09:43:55+04:00,P3,Product,neutral,151,resolved
W30-000,2026-04-27T00:00:00+04:00,P2,Technical,negative,14,resolved
W21-000,2026-02-23T00:00:00+04:00,P3,Account,negative,255,resolved
W15-019,2026-01-13T16:22:37+04:00,P3,Product,neutral,950,open
W40-010,2026-07-06T09:08:23+04:00,P1,Billing,negative,4,resolved
W12-023,2025-12-23T17:10:13+04:00,P3,Billing,positive,1276,open
W47-042,2026-08-28T01:16:56+04:00,P3,Delivery,neutral,678,resolved
W13-039,2026-01-04T19:00:10+04:00,P3,Delivery,negative,32,open
W31-053,2026-05-04T03:33:13+04:00,P2,Product,negative,233,open
W42-007,2026-07-22T08:38:16+04:00,P1,Account,negative,51,resolved
W18-060,2026-02-06T03:15:56+04:00,P4,Delivery,neutral,4833,resolved
W42-016,2026-07-25T04:04:04+04:00,P3,Technical,neutral,3414,resolved
W09-060,2025-12-07T05:19:04+04:00,P2,Billing,negative,162,resolved
W28-016,2026-04-16T19:11:55+04:00,P3,Billing,neutral,2307,open
W16-024,2026-01-25T06:21:40+04:00,P3,Account,neutral,1286,resolved
W21-048,2026-02-28T19:39:50+04:00,P2,Account,negative,147,resolved
W16-045,2026-01-24T02:35:14+04:00,P3,Technical,positive,721,open
W08-002,2025-11-26T02:21:16+04:00,P3,Account,neutral,3280,resolved
W40-057,2026-07-06T21:01:46+04:00,P2,Technical,negative,12,open
W14-015,2026-01-08T22:11:53+04:00,P3,Technical,positive,1418,resolved
W09-009,2025-12-01T03:43:10+04:00,P3,Product,positive,866,open
W22-013,2026-03-05T19:05:28+04:00,P4,Billing,neutral,1666,resolved
W15-016,2026-01-18T10:42:01+04:00,P1,Product,negative,28,resolved
W48-013,2026-09-02T04:11:24+04:00,P2,Technical,negative,108,resolved
W21-030,2026-02-27T03:06:05+04:00,P4,Billing,positive,3611,open
W34-000,2026-05-31T00:49:04+04:00,P4,Technical,neutral,1282,open
W50-024,2026-09-17T13:05:51+04:00,P3,Billing,negative,537,open
W04-001,2025-11-02T23:59:59+04:00,P3,Product,negative,65,open
W20-026,2026-02-21T09:14:40+04:00,P2,Billing,negative,186,open
W36-013,2026-06-14T10:10:46+04:00,P4,Billing,neutral,2562,resolved
W18-035,2026-02-05T06:23:54+04:00,P3,Product,negative,39,open
W35-003,2026-06-01T19:37:54+04:00,P2,Billing,negative,22,resolved
W17-047,2026-01-30T08:30:15+04:00,P4,Product,neutral,75,resolved
W00-017,2025-10-03T17:26:36+04:00,P3,Delivery,positive,3161,open
W37-055,2026-06-19T08:10:15+04:00,P3,Product,negative,4163,resolved
W50-046,2026-09-14T18:45:40+04:00,P4,Technical,positive,1172,resolved
W38-010,2026-06-26T02:16:00+04:00,P2,Delivery,negative,203,resolved
W39-023,2026-07-03T00:17:39+04:00,P3,Delivery,positive,1123,open
W05-027,2025-11-07T18:20:12+04:00,P3,Product,positive,1252,open
W19-011,2026-02-14T11:40:40+04:00,P4,Account,neutral,832,resolved
W34-013,2026-05-27T18:21:31+04:00,P3,Technical,positive,215,open
W25-002,2026-03-27T18:25:07+04:00,P4,Billing,neutral,1152,resolved
W46-046,2026-08-19T00:27:18+04:00,P3,Product,neutral,1322,resolved
W23-006,2026-03-14T07:01:51+04:00,P3,Account,positive,241,resolved
W46-061,2026-08-19T21:24:01+04:00,P4,Account,positive,965,open
W08-047,2025-11-27T14:01:38+04:00,P3,Delivery,neutral,840,resolved
W14-022,2026-01-11T13:19:26+04:00,P3,Product,positive,144,resolved
W35-015,2026-06-05T11:12:37+04:00,P3,Billing,positive,329,open
W18-055,2026-02-05T07:49:07+04:00,P3,Technical,positive,834,resolved
W40-001,2026-07-12T23:59:59+04:00,P2,Technical,negative,50,resolved
W04-005,2025-10-30T05:00:03+04:00,P3,Billing,positive,1385,open
W03-004,2025-10-25T11:24:01+04:00,P4,Billing,neutral,910,resolved
W06-021,2025-11-11T17:36:32+04:00,P3,Delivery,negative,273,resolved
W43-000,2026-07-27T06:40:31+04:00,P1,Billing,negative,48,resolved
W41-002,2026-07-17T23:56:53+04:00,P2,Technical,positive,56,resolved
W03-018,2025-10-24T00:40:48+04:00,P3,Technical,neutral,98,resolved
W01-014,2025-10-11T14:33:37+04:00,P4,Product,neutral,2223,resolved
W19-000,2026-02-11T08:37:26+04:00,P3,Technical,neutral,3244,open
W36-041,2026-06-13T21:10:42+04:00,P3,Account,neutral,656,resolved
W06-034,2025-11-10T03:18:21+04:00,P3,Technical,neutral,2003,resolved
W05-013,2025-11-06T16:12:23+04:00,P4,Technical,positive,571,resolved
W46-036,2026-08-18T13:14:22+04:00,P3,Account,positive,1145,resolved
W35-018,2026-06-04T22:57:27+04:00,P3,Product,positive,692,open
W31-043,2026-05-04T21:34:27+04:00,P3,Billing,neutral,676,resolved
W47-039,2026-08-28T22:08:55+04:00,P3,Billing,neutral,124,resolved
W12-013,2025-12-26T18:26:07+04:00,P2,Account,negative,173,resolved
W03-041,2025-10-25T01:20:22+04:00,P2,Account,negative,147,open
W13-005,2026-01-03T12:26:09+04:00,P3,Delivery,neutral,414,resolved
W50-008,2026-09-20T11:45:41+04:00,P3,Technical,positive,1087,open
W17-001,2026-01-30T19:47:46+04:00,P3,Product,negative,663,open
W02-013,2025-10-15T03:10:29+04:00,P4,Delivery,neutral,1764,resolved
W37-035,2026-06-17T06:51:19+04:00,P4,Technical,positive,2843,open
W42-035,2026-07-23T13:38:18+04:00,P3,Billing,positive,3061,open
W20-025,2026-02-19T14:23:43+04:00,P3,Billing,neutral,3483,resolved
W15-052,2026-01-13T20:51:45+04:00,P3,Account,neutral,1451,resolved
W07-009,2025-11-18T11:10:01+04:00,P2,Technical,negative,105,open
W43-020,2026-08-02T13:48:07+04:00,P3,Technical,negative,2586,resolved
W00-025,2025-09-30T20:23:04+04:00,P1,Technical,neutral,40,resolved
W02-021,2025-10-16T22:08:28+04:00,P4,Product,positive,2313,open
W40-041,2026-07-09T03:13:47+04:00,P1,Technical,negative,9,resolved
W03-015,2025-10-22T02:59:54+04:00,P3,Delivery,negative,694,open
W50-029,2026-09-20T11:17:58+04:00,P2,Product,neutral,172,open
W49-024,2026-09-10T22:06:31+04:00,P2,Delivery,negative,37,resolved
W18-009,2026-02-08T22:49:48+04:00,P4,Account,neutral,1166,open
W41-056,2026-07-13T00:53:43+04:00,P3,Delivery,neutral,851,open
W36-033,2026-06-09T13:19:17+04:00,P2,Billing,negative,96,resolved
W11-000,2025-12-20T16:04:47+04:00,P1,Delivery,negative,31,open
W16-018,2026-01-21T11:58:30+04:00,P3,Delivery,positive,4206,resolved
W50-022,2026-09-17T12:27:46+04:00,P3,Billing,neutral,644,open
W13-001,2025-12-31T23:34:17+04:00,P3,Technical,positive,87,open
W40-015,2026-07-08T10:45:11+04:00,P3,Account,neutral,3493,resolved
W12-006,2025-12-26T07:35:32+04:00,P3,Account,neutral,3326,resolved
W18-064,2026-02-02T15:12:18+04:00,P3,Product,negative,1146,resolved
W02-010,2025-10-19T05:13:54+04:00,P3,Product,positive,442,resolved
W01-054,2025-10-06T00:49:33+04:00,P2,Billing,negative,702,resolved
W03-034,2025-10-26T23:27:06+04:00,P4,Technical,positive,1678,resolved
W49-037,2026-09-11T08:00:56+04:00,P3,Technical,negative,1632,resolved
W45-008,2026-08-13T01:54:47+04:00,P3,Billing,positive,880,resolved
W41-028,2026-07-17T03:27:57+04:00,P3,Technical,neutral,1304,resolved
W20-016,2026-02-19T23:17:12+04:00,P4,Billing,neutral,442,resolved
W23-030,2026-03-11T17:23:48+04:00,P3,Product,neutral,226,resolved
W31-014,2026-05-07T08:02:14+04:00,P4,Delivery,neutral,1790,open
W30-022,2026-04-30T07:27:30+04:00,P2,Account,negative,49,resolved
W29-036,2026-04-24T22:24:42+04:00,P3,Delivery,neutral,1158,resolved
W26-018,2026-04-04T01:32:44+04:00,P4,Account,positive,1602,resolved
W45-027,2026-08-11T00:19:16+04:00,P3,Account,positive,230,resolved
W04-038,2025-11-01T02:06:45+04:00,P2,Billing,neutral,579,open
W21-039,2026-02-26T10:26:28+04:00,P3,Product,positive,1082,resolved
W50-000,2026-09-14T20:58:39+04:00,P3,Delivery,negative,549,resolved
W38-031,2026-06-25T06:23:14+04:00,P3,Product,negative,469,resolved
W18-025,2026-02-02T15:24:02+04:00,P3,Account,negative,1110,open
W12-029,2025-12-26T07:30:40+04:00,P3,Product,neutral,721,open
W42-030,2026-07-22T11:01:00+04:00,P3,Technical,positive,351,resolved
W27-034,2026-04-06T22:14:48+04:00,P2,Product,negative,280,resolved
W32-007,2026-05-15T13:13:55+04:00,P4,Product,positive,2486,resolved
W27-005,2026-04-10T17:46:39+04:00,P4,Delivery,neutral,2151,open
W20-019,2026-02-20T11:28:23+04:00,P2,Billing,negative,167,resolved
W31-001,2026-05-05T09:46:31+04:00,P3,Product,neutral,530,open
W01-020,2025-10-12T04:02:09+04:00,P4,Billing,neutral,2456,open
W00-030,2025-10-03T03:23:26+04:00,P4,Delivery,positive,8185,resolved
W07-006,2025-11-17T21:47:45+04:00,P4,Technical,neutral,1616,open
W21-044,2026-02-27T02:35:28+04:00,P3,Product,negative,3552,open
W09-066,2025-12-07T02:36:18+04:00,P3,Billing,neutral,1089,resolved
W37-023,2026-06-18T07:12:53+04:00,P3,Product,negative,1375,resolved
W07-033,2025-11-23T22:51:00+04:00,P3,Delivery,negative,1438,resolved
W00-010,2025-10-03T20:24:26+04:00,P3,Account,negative,1013,resolved
W00-031,2025-09-30T20:33:42+04:00,P4,Product,positive,1884,resolved
W25-000,2026-03-26T05:56:29+04:00,P3,Billing,negative,260,resolved
W12-009,2025-12-22T10:53:06+04:00,P4,Account,neutral,1231,open
W23-049,2026-03-10T21:40:17+04:00,P3,Delivery,positive,868,resolved
W04-018,2025-10-30T07:28:10+04:00,P4,Account,neutral,1918,resolved
W08-010,2025-11-25T04:36:28+04:00,P3,Delivery,positive,1403,resolved
W31-065,2026-05-06T05:03:49+04:00,P2,Account,negative,29,resolved
W27-016,2026-04-10T08:43:47+04:00,P3,Technical,negative,11,resolved
W03-008,2025-10-26T15:51:02+04:00,P3,Technical,negative,307,open
W47-048,2026-08-26T00:59:20+04:00,P4,Product,neutral,726,open
W09-003,2025-12-02T06:09:44+04:00,P4,Billing,neutral,526,resolved
W25-013,2026-03-23T01:21:12+04:00,P3,Delivery,negative,1180,resolved
W08-041,2025-11-24T06:22:57+04:00,P1,Billing,negative,154,open
W37-046,2026-06-16T13:23:40+04:00,P3,Product,negative,22,open
W31-020,2026-05-08T17:36:48+04:00,P3,Product,negative,1379,resolved
W30-012,2026-04-30T19:31:40+04:00,P2,Technical,negative,16,resolved
W07-029,2025-11-18T08:18:28+04:00,P1,Billing,negative,50,open
W13-030,2026-01-04T11:37:06+04:00,P4,Delivery,positive,2567,resolved
W00-032,2025-10-05T12:45:15+04:00,P2,Account,positive,236,resolved
W21-006,2026-03-01T01:49:26+04:00,P4,Product,positive,1238,open
W17-004,2026-01-30T12:01:58+04:00,P2,Account,negative,172,resolved
W03-025,2025-10-20T09:25:58+04:00,P2,Billing,positive,146,open
W43-031,2026-08-02T07:54:37+04:00,P2,Technical,positive,51,open
W03-043,2025-10-25T08:02:39+04:00,P4,Product,neutral,648,resolved
W35-008,2026-06-07T15:21:40+04:00,P4,Technical,positive,588,resolved
W39-006,2026-07-02T19:37:04+04:00,P2,Product,negative,7,resolved
W31-022,2026-05-09T16:08:03+04:00,P3,Account,positive,925,resolved
W33-007,2026-05-18T13:59:10+04:00,P3,Billing,neutral,789,resolved
W12-012,2025-12-28T13:15:57+04:00,P4,Product,negative,1308,open
W45-017,2026-08-16T00:44:03+04:00,P2,Account,negative,77,resolved
W28-007,2026-04-13T23:10:10+04:00,P3,Delivery,neutral,1187,resolved
W19-007,2026-02-10T19:16:23+04:00,P3,Billing,neutral,603,resolved
W01-010,2025-10-09T09:01:08+04:00,P1,Billing,negative,59,resolved
W23-051,2026-03-14T19:03:27+04:00,P3,Account,neutral,960,resolved
W08-031,2025-11-25T10:53:56+04:00,P3,Account,negative,1025,open
W37-002,2026-06-16T20:27:24+04:00,P3,Billing,neutral,477,resolved
W22-034,2026-03-08T04:54:33+04:00,P3,Delivery,positive,313,resolved
W48-007,2026-08-31T20:18:51+04:00,P4,Billing,neutral,391,resolved
W11-017,2025-12-19T08:58:54+04:00,P4,Account,positive,814,resolved
W08-032,2025-11-28T03:48:35+04:00,P3,Delivery,neutral,2261,resolved
W45-005,2026-08-10T15:41:40+04:00,P2,Account,negative,64,resolved
W21-036,2026-02-23T17:07:49+04:00,P4,Account,neutral,1543,resolved
W00-036,2025-10-04T22:18:31+04:00,P3,Delivery,neutral,3105,open
W01-011,2025-10-10T05:21:03+04:00,P4,Product,positive,1926,resolved
W20-000,2026-02-21T14:02:39+04:00,P4,Account,positive,2011,resolved
W48-006,2026-09-02T06:24:02+04:00,P2,Account,negative,161,open
W11-025,2025-12-20T10:53:33+04:00,P3,Account,neutral,2075,resolved
W49-030,2026-09-08T11:31:47+04:00,P4,Billing,neutral,8169,resolved
W29-025,2026-04-24T20:43:37+04:00,P3,Billing,negative,774,resolved
W21-031,2026-02-26T19:16:34+04:00,P3,Billing,neutral,261,resolved
W41-020,2026-07-13T08:43:35+04:00,P4,Product,positive,1384,resolved
W22-008,2026-03-04T01:44:01+04:00,P3,Account,positive,99,resolved
W41-007,2026-07-16T15:15:46+04:00,P2,Technical,neutral,194,open
W14-020,2026-01-05T00:15:09+04:00,P2,Product,negative,168,resolved
W39-027,2026-07-01T15:46:28+04:00,P3,Delivery,negative,2356,resolved
W18-008,2026-02-08T20:44:31+04:00,P3,Technical,neutral,1192,open
W05-022,2025-11-04T07:51:15+04:00,P2,Technical,neutral,416,open
W40-062,2026-07-06T00:53:25+04:00,P4,Billing,positive,1033,resolved
W06-017,2025-11-12T20:11:57+04:00,P3,Billing,negative,1433,resolved
W33-033,2026-05-23T06:20:37+04:00,P1,Product,negative,38,open
W19-017,2026-02-12T23:53:54+04:00,P2,Technical,negative,173,resolved
W40-022,2026-07-09T17:11:18+04:00,P3,Account,neutral,1311,open
W50-028,2026-09-20T01:46:56+04:00,P4,Account,neutral,5569,resolved
W32-025,2026-05-15T07:30:05+04:00,P3,Product,neutral,445,resolved
W45-025,2026-08-10T07:59:21+04:00,P4,Technical,negative,4178,open
W40-023,2026-07-09T11:45:25+04:00,P3,Product,neutral,1132,resolved
W44-029,2026-08-09T18:38:30+04:00,P2,Delivery,negative,252,open
W03-051,2025-10-24T16:31:56+04:00,P3,Account,positive,151,open
W35-011,2026-06-02T10:50:53+04:00,P3,Account,negative,1162,resolved
W23-025,2026-03-10T06:58:24+04:00,P2,Account,negative,203,open
W44-019,2026-08-05T00:46:55+04:00,P3,Technical,negative,3805,open
W30-015,2026-04-27T18:55:10+04:00,P1,Product,negative,4,resolved
W18-042,2026-02-06T03:47:59+04:00,P3,Delivery,neutral,652,open
W35-014,2026-06-03T17:11:53+04:00,P4,Product,neutral,1476,resolved
W27-010,2026-04-08T20:55:11+04:00,P3,Product,positive,475,resolved
W38-005,2026-06-25T12:09:42+04:00,P3,Account,positive,556,open
W41-011,2026-07-19T11:12:11+04:00,P3,Account,positive,323,open
W25-023,2026-03-26T09:42:49+04:00,P2,Account,negative,126,resolved
W31-035,2026-05-06T12:17:42+04:00,P4,Billing,positive,3134,open
W16-010,2026-01-24T22:53:02+04:00,P3,Delivery,positive,1166,open
W16-004,2026-01-25T01:05:32+04:00,P3,Billing,negative,140,open
W13-023,2026-01-04T19:13:58+04:00,P4,Account,positive,5745,open
W00-028,2025-09-29T22:08:08+04:00,P3,Delivery,positive,407,open
W09-055,2025-12-03T16:55:26+04:00,P3,Delivery,neutral,771,open
W12-010,2025-12-26T05:20:31+04:00,P4,Product,negative,5620,resolved
W42-019,2026-07-20T00:17:05+04:00,P3,Technical,neutral,459,resolved
W16-025,2026-01-25T11:09:56+04:00,P3,Billing,positive,1307,open
W19-018,2026-02-15T14:11:48+04:00,P3,Delivery,negative,283,resolved
W03-017,2025-10-24T19:59:28+04:00,P2,Billing,positive,132,open
W23-018,2026-03-12T22:26:54+04:00,P2,Account,negative,57,resolved
W02-000,2025-10-17T12:32:28+04:00,P2,Technical,negative,619,resolved
W07-002,2025-11-17T02:47:40+04:00,P2,Product,negative,163,resolved
W42-015,2026-07-24T14:11:12+04:00,P2,Delivery,negative,147,resolved
W34-036,2026-05-30T19:56:00+04:00,P2,Product,negative,712,open
W10-003,2025-12-14T06:14:29+04:00,P4,Account,neutral,2092,open
W13-058,2026-01-02T21:43:51+04:00,P3,Delivery,neutral,1046,resolved
W28-019,2026-04-13T14:58:49+04:00,P4,Account,neutral,2162,open
W01-036,2025-10-09T13:59:31+04:00,P2,Account,negative,180,resolved
W47-030,2026-08-25T15:39:38+04:00,P4,Delivery,positive,7546,resolved
W41-012,2026-07-15T14:22:29+04:00,P3,Product,positive,533,open
W18-016,2026-02-03T10:35:35+04:00,P3,Product,neutral,757,open
W22-025,2026-03-03T00:41:00+04:00,P2,Delivery,negative,51,open
W38-023,2026-06-26T16:38:07+04:00,P4,Delivery,neutral,1783,resolved
W40-002,2026-07-06T20:52:45+04:00,P4,Product,positive,2155,open
W25-024,2026-03-27T06:49:17+04:00,P4,Product,positive,340,open
W27-001,2026-04-11T23:35:10+04:00,P3,Delivery,negative,3852,resolved
W04-037,2025-11-01T14:10:00+04:00,P3,Account,positive,507,resolved
W13-000,2026-01-04T12:10:03+04:00,P3,Product,positive,1172,open
W38-026,2026-06-26T16:59:03+04:00,P3,Account,neutral,1261,resolved
W32-033,2026-05-14T08:01:00+04:00,P4,Technical,positive,65,open
W43-021,2026-07-31T18:31:12+04:00,P4,Delivery,positive,2145,resolved
W43-019,2026-07-31T00:39:58+04:00,P3,Delivery,positive,1269,open
W33-017,2026-05-24T13:07:41+04:00,P4,Account,neutral,1486,resolved
W20-020,2026-02-17T05:39:19+04:00,P2,Billing,negative,128,open
W43-036,2026-07-28T07:46:44+04:00,P1,Account,negative,45,resolved
W38-025,2026-06-24T11:44:53+04:00,P4,Account,neutral,1113,open
W42-023,2026-07-20T15:49:22+04:00,P3,Technical,negative,659,resolved
W24-020,2026-03-22T01:28:26+04:00,P3,Delivery,negative,303,resolved
W40-033,2026-07-11T19:25:43+04:00,P2,Billing,negative,50,open
W01-026,2025-10-06T04:28:13+04:00,P4,Delivery,positive,6624,open
W25-019,2026-03-23T01:26:21+04:00,P2,Billing,positive,138,open
W33-024,2026-05-20T17:54:58+04:00,P3,Product,neutral,145,resolved
W24-027,2026-03-17T04:54:05+04:00,P3,Delivery,positive,1438,resolved
W23-009,2026-03-13T15:53:30+04:00,P3,Account,neutral,1044,open
W03-007,2025-10-25T16:38:17+04:00,P2,Delivery,positive,36,resolved
W37-029,2026-06-20T11:17:45+04:00,P2,Billing,negative,120,open
W36-005,2026-06-11T06:43:32+04:00,P3,Delivery,positive,74,open
W43-007,2026-07-27T11:29:10+04:00,P4,Billing,positive,2434,open
W44-011,2026-08-09T09:29:59+04:00,P1,Billing,negative,49,resolved
W15-067,2026-01-15T01:41:42+04:00,P2,Account,negative,233,resolved
W49-041,2026-09-11T19:55:29+04:00,P3,Account,neutral,446,open
W44-016,2026-08-03T11:46:42+04:00,P3,Billing,negative,125,resolved
W47-013,2026-08-24T22:54:40+04:00,P4,Account,neutral,1240,open
W39-001,2026-06-30T23:12:40+04:00,P4,Product,neutral,1017,open
W45-009,2026-08-12T10:21:38+04:00,P1,Technical,negative,43,open
W44-014,2026-08-06T05:16:39+04:00,P4,Technical,neutral,3245,open
W18-039,2026-02-05T01:04:36+04:00,P4,Technical,negative,1120,open
W30-021,2026-04-30T11:37:01+04:00,P3,Billing,neutral,777,resolved
W18-023,2026-02-07T09:03:40+04:00,P2,Product,negative,584,open
W34-023,2026-05-29T16:51:11+04:00,P2,Technical,negative,180,resolved
W01-028,2025-10-11T22:07:30+04:00,P3,Technical,positive,1284,open
W05-019,2025-11-08T20:37:02+04:00,P3,Product,neutral,51,resolved
W50-039,2026-09-17T23:19:12+04:00,P2,Delivery,negative,179,resolved
W49-049,2026-09-12T13:43:36+04:00,P3,Technical,neutral,1129,resolved
W46-041,2026-08-23T05:43:46+04:00,P3,Delivery,neutral,543,resolved
W17-013,2026-01-29T07:27:22+04:00,P2,Delivery,negative,131,open
W05-021,2025-11-08T11:47:05+04:00,P3,Billing,positive,898,resolved
W32-034,2026-05-17T20:26:44+04:00,P3,Delivery,negative,364,resolved
W34-008,2026-05-26T18:20:38+04:00,P4,Billing,positive,885,resolved
W08-046,2025-11-30T00:58:37+04:00,P4,Technical,neutral,436,resolved
W03-000,2025-10-20T00:00:00+04:00,P3,Product,negative,961,resolved
W42-004,2026-07-24T13:28:46+04:00,P4,Account,positive,2346,open
W46-059,2026-08-18T16:03:30+04:00,P3,Product,negative,1395,resolved
W28-001,2026-04-19T23:59:59+04:00,P3,Account,positive,117,resolved
W41-033,2026-07-16T06:00:19+04:00,P3,Technical,neutral,1689,resolved
W28-018,2026-04-19T20:41:07+04:00,P3,Product,neutral,460,open
W49-052,2026-09-12T06:37:39+04:00,P4,Account,neutral,2020,open
W30-019,2026-04-27T05:51:24+04:00,P4,Billing,neutral,2567,resolved
W18-001,2026-02-05T09:29:31+04:00,P3,Delivery,positive,17,open
W11-003,2025-12-21T08:25:36+04:00,P3,Product,negative,1,resolved
W41-060,2026-07-16T08:06:19+04:00,P4,Billing,neutral,6577,resolved
W07-043,2025-11-23T13:19:22+04:00,P2,Billing,negative,237,resolved
W21-011,2026-02-25T06:04:15+04:00,P3,Account,positive,436,resolved
W21-001,2026-03-01T04:26:03+04:00,P4,Billing,positive,1428,open
W50-043,2026-09-19T01:04:37+04:00,P2,Delivery,negative,149,open
W24-021,2026-03-17T12:37:04+04:00,P2,Product,negative,116,open
W13-059,2026-01-02T08:38:15+04:00,P4,Technical,neutral,7468,resolved
W36-003,2026-06-13T13:25:39+04:00,P4,Delivery,negative,2690,open
W41-003,2026-07-13T00:01:37+04:00,P2,Account,negative,72,resolved
W47-008,2026-08-29T13:43:35+04:00,P3,Product,positive,1243,resolved
W40-008,2026-07-11T06:48:01+04:00,P3,Delivery,positive,987,resolved
W04-055,2025-11-02T01:25:55+04:00,P2,Delivery,negative,63,open
W33-004,2026-05-19T03:36:33+04:00,P2,Billing,neutral,22,open
W31-051,2026-05-04T04:08:43+04:00,P2,Account,negative,98,open
W18-005,2026-02-05T03:20:56+04:00,P3,Billing,negative,1106,resolved
W25-007,2026-03-26T19:35:27+04:00,P3,Technical,negative,298,resolved
W09-039,2025-12-04T01:01:05+04:00,P4,Account,neutral,276,resolved
W48-002,2026-09-02T17:32:39+04:00,P2,Delivery,negative,96,resolved
W40-051,2026-07-08T01:19:56+04:00,P4,Technical,neutral,519,open
W37-007,2026-06-18T03:49:48+04:00,P2,Billing,positive,84,resolved
W08-055,2025-11-24T17:04:55+04:00,P4,Product,neutral,8584,resolved
W31-041,2026-05-05T06:10:56+04:00,P4,Delivery,positive,509,resolved
W37-004,2026-06-17T12:49:41+04:00,P3,Product,neutral,74,resolved
W33-025,2026-05-19T20:13:42+04:00,P2,Product,negative,173,resolved
W32-030,2026-05-16T19:13:17+04:00,P4,Product,neutral,1474,resolved
W46-057,2026-08-22T03:57:38+04:00,P4,Account,positive,2327,open
W18-063,2026-02-02T15:57:30+04:00,P4,Technical,neutral,1811,resolved
W46-054,2026-08-21T09:19:58+04:00,P2,Technical,neutral,226,open
W08-061,2025-11-24T15:53:36+04:00,P3,Product,negative,1256,resolved
W21-047,2026-02-24T09:58:12+04:00,P4,Product,positive,492,resolved
W31-024,2026-05-10T12:35:06+04:00,P4,Delivery,positive,1538,resolved
W09-005,2025-12-06T00:13:14+04:00,P3,Delivery,positive,283,open
W39-020,2026-07-02T02:19:01+04:00,P3,Billing,neutral,1164,resolved
W08-056,2025-11-26T04:47:45+04:00,P2,Account,negative,113,open
W28-008,2026-04-16T08:25:58+04:00,P4,Account,neutral,1057,resolved
W23-022,2026-03-13T21:14:16+04:00,P3,Technical,negative,932,resolved
W16-042,2026-01-21T20:34:58+04:00,P1,Product,positive,60,resolved
W04-033,2025-10-29T04:25:24+04:00,P4,Technical,positive,6230,resolved
W04-062,2025-11-02T08:44:17+04:00,P3,Product,neutral,1835,resolved
W32-017,2026-05-13T07:36:00+04:00,P2,Account,neutral,120,resolved
W01-002,2025-10-06T21:51:51+04:00,P3,Delivery,neutral,1131,resolved
W32-001,2026-05-17T23:59:59+04:00,P4,Product,positive,1255,resolved
W48-003,2026-09-01T21:46:50+04:00,P1,Product,negative,55,resolved
W48-021,2026-09-02T20:50:13+04:00,P1,Technical,negative,59,resolved
W05-003,2025-11-04T03:06:24+04:00,P3,Product,negative,3711,open
W21-042,2026-03-01T23:40:46+04:00,P2,Billing,neutral,220,resolved
W05-029,2025-11-07T12:43:59+04:00,P3,Billing,neutral,375,open
W19-020,2026-02-11T18:05:49+04:00,P4,Technical,neutral,933,open
W29-006,2026-04-20T21:34:47+04:00,P2,Delivery,negative,132,open
W35-007,2026-06-06T07:49:50+04:00,P2,Billing,negative,185,resolved
W35-013,2026-06-04T00:49:48+04:00,P3,Account,neutral,1255,resolved
W15-044,2026-01-13T01:27:01+04:00,P4,Delivery,neutral,1825,open
W50-019,2026-09-20T20:41:39+04:00,P3,Billing,positive,4041,open
W12-005,2025-12-25T08:22:42+04:00,P3,Billing,negative,1413,open
W33-030,2026-05-22T09:36:00+04:00,P3,Product,neutral,182,resolved
W23-026,2026-03-15T19:56:32+04:00,P3,Delivery,neutral,984,resolved
W12-022,2025-12-24T12:52:42+04:00,P1,Technical,negative,22,open
W45-013,2026-08-15T16:07:41+04:00,P3,Technical,neutral,995,resolved
W07-040,2025-11-21T13:21:36+04:00,P1,Delivery,neutral,57,resolved
W07-041,2025-11-22T20:36:26+04:00,P3,Account,neutral,1257,open
W41-030,2026-07-13T14:16:18+04:00,P2,Billing,neutral,95,resolved
W33-006,2026-05-21T23:31:14+04:00,P3,Product,positive,270,resolved
W25-020,2026-03-23T21:51:27+04:00,P4,Delivery,neutral,5373,resolved
W22-002,2026-03-04T08:06:24+04:00,P2,Billing,negative,163,open
W50-031,2026-09-19T19:26:32+04:00,P4,Account,neutral,472,resolved
W01-050,2025-10-10T09:38:23+04:00,P1,Delivery,negative,16,resolved
W41-043,2026-07-17T23:46:05+04:00,P2,Technical,negative,79,resolved
W46-031,2026-08-18T20:19:06+04:00,P3,Product,negative,359,resolved
W09-011,2025-12-03T11:25:10+04:00,P4,Delivery,neutral,1209,open
W14-008,2026-01-09T07:03:35+04:00,P3,Account,neutral,3617,resolved
W09-049,2025-12-03T21:34:44+04:00,P3,Account,negative,22,open
W04-054,2025-11-01T01:37:42+04:00,P1,Billing,negative,131,resolved
W19-019,2026-02-13T22:11:08+04:00,P1,Delivery,negative,26,open
W34-044,2026-05-27T16:32:09+04:00,P3,Technical,neutral,381,open
W11-009,2025-12-17T06:41:51+04:00,P3,Product,positive,1008,resolved
W11-018,2025-12-15T04:23:19+04:00,P4,Billing,neutral,1330,resolved
W04-026,2025-10-29T15:37:01+04:00,P3,Account,positive,1361,resolved
W41-010,2026-07-15T00:24:21+04:00,P2,Billing,negative,180,resolved
W36-029,2026-06-14T01:23:02+04:00,P2,Account,negative,156,resolved
W37-015,2026-06-15T00:00:09+04:00,P2,Technical,neutral,71,resolved
W09-006,2025-12-07T17:14:32+04:00,P3,Account,negative,643,open
W18-015,2026-02-08T10:07:24+04:00,P3,Product,neutral,1052,resolved
W21-033,2026-03-01T12:47:21+04:00,P4,Billing,neutral,2956,resolved
W50-037,2026-09-19T17:17:29+04:00,P3,Product,negative,1287,resolved
W11-019,2025-12-20T18:25:57+04:00,P4,Account,neutral,3225,open
W45-020,2026-08-15T21:16:21+04:00,P4,Technical,positive,202,resolved
W49-025,2026-09-07T03:56:44+04:00,P3,Product,positive,491,resolved
W35-006,2026-06-04T12:59:40+04:00,P4,Delivery,neutral,628,open
W41-052,2026-07-17T17:24:13+04:00,P3,Technical,positive,671,resolved
W00-002,2025-10-01T09:23:26+04:00,P2,Product,negative,138,resolved
W49-014,2026-09-11T14:45:38+04:00,P2,Delivery,neutral,147,resolved
W32-014,2026-05-11T17:33:34+04:00,P3,Product,positive,1083,open
W05-005,2025-11-04T16:26:24+04:00,P4,Billing,neutral,695,resolved
W16-021,2026-01-20T03:35:35+04:00,P3,Billing,neutral,1185,open
W45-023,2026-08-12T00:06:04+04:00,P4,Product,neutral,1082,resolved
W49-036,2026-09-09T06:50:47+04:00,P3,Billing,positive,833,resolved
W30-018,2026-04-28T01:40:44+04:00,P3,Account,neutral,949,resolved
W26-005,2026-03-31T05:30:25+04:00,P2,Account,negative,101,resolved
W23-046,2026-03-14T09:19:00+04:00,P3,Billing,positive,691,open
W15-011,2026-01-18T21:38:09+04:00,P3,Delivery,neutral,66,resolved
W08-060,2025-11-29T20:22:19+04:00,P3,Account,negative,510,resolved
W37-003,2026-06-20T23:22:17+04:00,P3,Delivery,positive,2627,resolved
W20-011,2026-02-21T08:21:03+04:00,P3,Technical,neutral,315,resolved
W46-029,2026-08-20T12:13:58+04:00,P4,Billing,neutral,1379,resolved
W41-008,2026-07-15T01:54:59+04:00,P3,Technical,neutral,16,resolved
W03-026,2025-10-26T23:10:00+04:00,P2,Product,positive,20,resolved
W18-000,2026-02-02T00:00:00+04:00,P4,Account,positive,2789,open
W32-023,2026-05-11T11:29:29+04:00,P4,Billing,neutral,7811,resolved
W11-004,2025-12-18T15:16:04+04:00,P3,Product,positive,978,resolved
W41-021,2026-07-14T00:21:36+04:00,P4,Technical,neutral,125,resolved
W37-008,2026-06-21T05:04:26+04:00,P2,Delivery,negative,167,resolved
W03-038,2025-10-26T16:26:39+04:00,P2,Account,neutral,163,resolved
W50-012,2026-09-18T06:31:10+04:00,P2,Billing,negative,276,resolved
W45-029,2026-08-11T11:01:23+04:00,P4,Product,positive,659,resolved
W13-026,2026-01-03T19:33:01+04:00,P3,Technical,neutral,693,resolved
W35-016,2026-06-07T13:43:22+04:00,P1,Delivery,negative,46,resolved
W27-035,2026-04-11T09:11:27+04:00,P4,Billing,positive,903,open
W00-009,2025-09-29T21:12:45+04:00,P4,Billing,negative,1947,resolved
W43-028,2026-08-02T18:43:43+04:00,P3,Delivery,positive,792,resolved
W16-031,2026-01-25T16:24:17+04:00,P2,Technical,negative,169,resolved
W18-019,2026-02-02T00:36:27+04:00,P3,Delivery,neutral,1002,resolved
W25-005,2026-03-27T23:21:55+04:00,P3,Technical,neutral,519,resolved
W07-010,2025-11-18T02:20:13+04:00,P3,Billing,positive,246,resolved
W40-046,2026-07-12T15:03:10+04:00,P2,Account,neutral,141,resolved
W20-001,2026-02-22T23:59:59+04:00,P3,Technical,negative,935,resolved
W08-013,2025-11-24T16:47:06+04:00,P3,Account,neutral,412,resolved
W21-032,2026-02-26T21:06:09+04:00,P3,Technical,neutral,868,resolved
W38-024,2026-06-23T19:48:10+04:00,P2,Technical,positive,114,open
W10-000,2025-12-10T16:35:42+04:00,P4,Product,positive,5036,resolved
W46-005,2026-08-22T03:45:55+04:00,P3,Billing,positive,140,resolved
W05-025,2025-11-03T18:13:22+04:00,P3,Product,negative,571,open
W26-010,2026-03-30T00:17:35+04:00,P4,Billing,neutral,1941,resolved
W17-011,2026-01-26T11:52:53+04:00,P3,Billing,positive,3468,resolved
W24-044,2026-03-18T04:36:41+04:00,P3,Account,negative,2514,resolved
W30-016,2026-04-27T12:57:50+04:00,P4,Account,positive,6513,resolved
W16-034,2026-01-25T08:59:35+04:00,P4,Billing,neutral,2378,resolved
W38-021,2026-06-25T06:33:51+04:00,P2,Account,negative,147,resolved
W39-009,2026-07-01T11:37:15+04:00,P4,Delivery,positive,1522,resolved
W15-036,2026-01-18T23:20:33+04:00,P4,Billing,neutral,5474,resolved
W15-057,2026-01-16T07:41:16+04:00,P3,Billing,neutral,860,resolved
W08-021,2025-11-30T04:59:21+04:00,P3,Account,positive,16,open
W21-035,2026-02-24T11:57:41+04:00,P3,Technical,positive,1411,resolved
W32-020,2026-05-11T02:29:12+04:00,P3,Delivery,negative,39,resolved
W16-026,2026-01-24T14:42:32+04:00,P4,Product,neutral,1493,resolved
W16-047,2026-01-22T19:22:41+04:00,P3,Billing,negative,626,open
W15-010,2026-01-13T15:43:50+04:00,P4,Billing,positive,1530,resolved
W03-046,2025-10-25T01:47:26+04:00,P2,Billing,negative,437,resolved
W34-039,2026-05-30T23:05:01+04:00,P3,Product,positive,1538,resolved
W19-013,2026-02-09T11:59:01+04:00,P2,Technical,negative,59,resolved
W13-019,2026-01-03T20:52:37+04:00,P1,Account,negative,6,open
W16-008,2026-01-23T13:36:57+04:00,P4,Technical,neutral,1289,resolved
W04-002,2025-11-01T00:17:00+04:00,P4,Technical,positive,621,open
W18-037,2026-02-04T23:24:30+04:00,P4,Account,neutral,689,open
W47-019,2026-08-25T06:39:07+04:00,P4,Delivery,positive,541,open
W24-013,2026-03-20T14:45:57+04:00,P2,Billing,negative,548,resolved
W15-009,2026-01-17T21:05:38+04:00,P3,Billing,neutral,3837,resolved
W00-014,2025-10-05T07:50:22+04:00,P3,Product,neutral,568,resolved
W02-022,2025-10-16T08:00:16+04:00,P3,Product,negative,621,open
W10-004,2025-12-08T00:05:01+04:00,P2,Billing,negative,168,resolved
W15-049,2026-01-16T13:27:05+04:00,P2,Product,positive,543,resolved
W09-007,2025-12-02T14:38:36+04:00,P2,Billing,negative,89,open
W10-011,2025-12-10T18:58:19+04:00,P2,Technical,negative,57,resolved
W17-028,2026-01-26T23:49:01+04:00,P3,Product,positive,1200,open
W22-031,2026-03-08T02:10:36+04:00,P3,Account,neutral,819,open
W15-040,2026-01-18T23:06:36+04:00,P3,Account,positive,594,open
W09-023,2025-12-04T21:28:46+04:00,P4,Account,neutral,2796,resolved
W03-031,2025-10-23T15:22:07+04:00,P4,Delivery,neutral,1190,resolved
W36-027,2026-06-10T15:12:14+04:00,P3,Product,neutral,377,resolved
W34-021,2026-05-26T22:57:18+04:00,P2,Technical,negative,187,open
W17-030,2026-01-29T05:12:30+04:00,P3,Delivery,positive,922,resolved
W50-038,2026-09-16T15:36:49+04:00,P3,Product,neutral,1249,resolved
W09-000,2025-12-01T00:00:00+04:00,P3,Product,negative,1377,open
W29-001,2026-04-20T11:34:35+04:00,P2,Account,neutral,703,open
W40-056,2026-07-07T10:56:45+04:00,P3,Billing,neutral,1313,open
W37-016,2026-06-17T07:34:13+04:00,P3,Account,neutral,2322,resolved
W03-012,2025-10-20T19:42:46+04:00,P3,Billing,neutral,739,open
W37-013,2026-06-17T00:08:04+04:00,P4,Product,positive,2466,resolved
W50-036,2026-09-18T07:45:43+04:00,P4,Billing,positive,1612,open
W33-015,2026-05-20T08:45:44+04:00,P4,Technical,neutral,2093,resolved
W09-013,2025-12-05T15:08:38+04:00,P3,Account,positive,97,resolved
W13-035,2025-12-30T14:39:24+04:00,P4,Billing,neutral,2115,resolved
W05-028,2025-11-06T14:38:13+04:00,P2,Delivery,neutral,181,open
W02-023,2025-10-13T16:34:13+04:00,P1,Account,negative,3,resolved
W29-010,2026-04-22T12:44:37+04:00,P4,Billing,negative,7449,open
W50-010,2026-09-17T23:46:28+04:00,P3,Billing,negative,3006,resolved
W01-046,2025-10-09T16:01:09+04:00,P2,Technical,negative,180,open
W37-031,2026-06-19T19:26:43+04:00,P3,Billing,neutral,422,resolved
W44-033,2026-08-07T04:33:29+04:00,P3,Technical,neutral,1166,resolved
W04-023,2025-10-29T20:49:41+04:00,P3,Account,negative,1419,resolved
W50-053,2026-09-15T17:21:31+04:00,P4,Product,neutral,1749,resolved
W34-014,2026-05-25T15:29:45+04:00,P3,Account,neutral,1177,resolved
W37-045,2026-06-18T22:02:36+04:00,P3,Delivery,negative,71,resolved
W02-019,2025-10-14T19:01:04+04:00,P3,Account,positive,1322,resolved
W41-036,2026-07-17T20:25:24+04:00,P3,Product,neutral,132,resolved
W01-045,2025-10-09T23:32:19+04:00,P3,Product,negative,1150,open
W18-029,2026-02-03T09:23:33+04:00,P2,Technical,positive,24,resolved
W10-007,2025-12-14T23:27:13+04:00,P4,Delivery,neutral,1655,resolved
W38-018,2026-06-25T08:43:57+04:00,P1,Account,negative,140,resolved
W44-031,2026-08-03T04:59:06+04:00,P3,Billing,negative,264,open
W36-043,2026-06-13T03:12:18+04:00,P3,Billing,positive,771,open
W05-026,2025-11-04T09:11:30+04:00,P2,Account,negative,118,resolved
W37-049,2026-06-19T00:31:54+04:00,P2,Product,negative,75,resolved
W47-005,2026-08-29T10:12:15+04:00,P3,Technical,neutral,4,open
W26-000,2026-04-04T05:29:37+04:00,P4,Technical,neutral,2057,open
W05-008,2025-11-07T14:39:03+04:00,P2,Delivery,negative,216,resolved
W31-000,2026-05-09T12:26:19+04:00,P4,Technical,neutral,1573,resolved
W10-018,2025-12-09T13:21:15+04:00,P4,Product,positive,2363,resolved
W00-021,2025-09-29T07:53:38+04:00,P4,Account,positive,2716,resolved
W37-037,2026-06-16T04:07:59+04:00,P4,Billing,positive,2220,resolved
W26-023,2026-04-03T06:00:30+04:00,P3,Product,neutral,2005,resolved
W10-002,2025-12-08T03:07:10+04:00,P4,Technical,neutral,1799,resolved
W45-012,2026-08-14T00:12:57+04:00,P1,Delivery,negative,20,open
W05-000,2025-11-07T14:40:58+04:00,P4,Delivery,neutral,4144,open
W04-065,2025-10-31T13:51:30+04:00,P4,Technical,neutral,5987,open
W44-013,2026-08-07T19:40:22+04:00,P2,Technical,neutral,427,open
W17-015,2026-01-29T10:48:10+04:00,P4,Billing,neutral,107,open
W05-010,2025-11-08T23:00:58+04:00,P3,Product,positive,1297,open
W32-029,2026-05-15T08:23:19+04:00,P2,Billing,negative,155,open
W14-011,2026-01-06T06:15:54+04:00,P3,Technical,neutral,1076,open
W00-024,2025-09-29T19:59:11+04:00,P3,Account,negative,460,open
W20-017,2026-02-18T19:41:37+04:00,P3,Billing,positive,248,resolved
W50-045,2026-09-14T14:35:57+04:00,P3,Billing,positive,1194,resolved
W43-043,2026-07-30T16:42:15+04:00,P4,Delivery,positive,528,open
W22-021,2026-03-08T13:01:47+04:00,P2,Technical,negative,213,resolved
W46-021,2026-08-21T19:01:07+04:00,P3,Technical,negative,1138,resolved
W04-000,2025-11-02T08:41:37+04:00,P4,Account,neutral,699,open
W16-022,2026-01-19T22:19:45+04:00,P3,Technical,positive,712,open
W09-031,2025-12-01T18:25:09+04:00,P3,Product,neutral,1267,open
W48-027,2026-09-02T09:10:17+04:00,P3,Billing,neutral,2915,open
W26-024,2026-03-31T17:32:53+04:00,P4,Account,neutral,1109,open
W41-042,2026-07-15T06:27:16+04:00,P2,Billing,positive,175,resolved
W31-039,2026-05-10T11:35:18+04:00,P4,Delivery,neutral,2487,open
W24-045,2026-03-16T06:23:43+04:00,P2,Delivery,neutral,126,resolved
W06-023,2025-11-11T11:52:19+04:00,P3,Product,neutral,287,open
W14-005,2026-01-08T15:46:46+04:00,P2,Technical,negative,122,resolved
W38-032,2026-06-28T06:38:11+04:00,P4,Delivery,neutral,2399,open
W34-002,2026-05-27T07:16:48+04:00,P4,Delivery,neutral,457,open
W26-007,2026-04-04T18:51:57+04:00,P3,Technical,negative,1435,open
W20-024,2026-02-19T17:57:31+04:00,P3,Technical,negative,255,resolved
W31-060,2026-05-09T08:42:43+04:00,P3,Technical,neutral,239,resolved
W04-032,2025-10-27T18:34:17+04:00,P4,Billing,neutral,2869,open
W40-039,2026-07-10T03:14:13+04:00,P4,Account,positive,2260,resolved
W40-000,2026-07-06T11:20:33+04:00,P3,Technical,negative,205,open
W43-045,2026-07-29T19:36:03+04:00,P4,Technical,positive,941,resolved
W00-023,2025-10-02T01:28:45+04:00,P3,Delivery,positive,864,resolved
W26-006,2026-04-02T11:53:02+04:00,P3,Delivery,neutral,712,open
W15-015,2026-01-17T01:41:05+04:00,P3,Billing,neutral,11,resolved
W12-016,2025-12-26T19:08:41+04:00,P3,Billing,positive,1000,open
W03-033,2025-10-21T13:47:54+04:00,P4,Technical,positive,2260,open
W49-048,2026-09-12T04:19:14+04:00,P3,Billing,neutral,3174,resolved
W21-043,2026-02-23T16:24:27+04:00,P3,Billing,positive,345,resolved
W50-051,2026-09-16T18:54:40+04:00,P3,Account,neutral,21,resolved
W10-012,2025-12-11T00:18:36+04:00,P3,Delivery,neutral,540,resolved
W26-009,2026-04-01T03:42:18+04:00,P4,Billing,positive,86,resolved
W29-014,2026-04-23T20:53:17+04:00,P3,Product,positive,3344,open
W46-008,2026-08-17T12:45:18+04:00,P2,Product,neutral,64,resolved
W40-055,2026-07-06T00:25:23+04:00,P2,Technical,positive,128,resolved
W18-045,2026-02-02T23:38:10+04:00,P4,Billing,positive,2205,open
W31-010,2026-05-08T12:35:04+04:00,P3,Billing,positive,2778,resolved
W40-054,2026-07-09T11:47:16+04:00,P4,Delivery,positive,1686,resolved
W23-031,2026-03-09T12:37:32+04:00,P4,Delivery,positive,3575,open
W31-021,2026-05-05T00:12:08+04:00,P3,Account,positive,708,resolved
W36-026,2026-06-09T19:30:40+04:00,P4,Billing,positive,2590,resolved
W33-010,2026-05-24T05:51:22+04:00,P4,Product,positive,5169,resolved
W32-016,2026-05-12T08:43:11+04:00,P3,Delivery,neutral,1144,open
W03-039,2025-10-22T01:07:07+04:00,P2,Delivery,negative,569,open
W45-026,2026-08-11T00:22:33+04:00,P4,Delivery,negative,2236,resolved
W32-019,2026-05-16T05:56:41+04:00,P2,Account,negative,178,resolved
W17-008,2026-01-29T04:49:30+04:00,P3,Product,negative,1256,open
W23-021,2026-03-13T18:49:05+04:00,P3,Billing,neutral,364,open
W07-013,2025-11-18T16:43:03+04:00,P4,Product,neutral,3715,resolved
W31-033,2026-05-08T17:24:11+04:00,P2,Delivery,negative,203,open
W35-000,2026-06-05T19:59:07+04:00,P2,Delivery,negative,175,resolved
W42-024,2026-07-24T23:45:06+04:00,P3,Billing,neutral,908,open
W11-023,2025-12-20T07:25:52+04:00,P3,Delivery,positive,994,open
W04-019,2025-10-27T04:06:08+04:00,P4,Delivery,positive,763,open
W14-032,2026-01-05T18:37:44+04:00,P2,Technical,neutral,44,resolved
W11-016,2025-12-15T12:17:15+04:00,P4,Product,positive,650,open
W29-020,2026-04-24T14:26:47+04:00,P3,Billing,neutral,44,resolved
W45-014,2026-08-12T20:43:33+04:00,P4,Technical,negative,2399,open
W34-020,2026-05-29T08:22:36+04:00,P4,Account,neutral,217,open
W29-040,2026-04-26T08:47:51+04:00,P4,Technical,negative,700,resolved
W39-003,2026-07-05T08:55:55+04:00,P3,Product,positive,828,resolved
W41-000,2026-07-17T03:16:09+04:00,P3,Delivery,positive,192,resolved
W36-001,2026-06-14T23:59:59+04:00,P3,Delivery,negative,1066,resolved
W19-016,2026-02-10T04:39:49+04:00,P4,Delivery,neutral,933,resolved
W45-006,2026-08-14T09:11:02+04:00,P3,Delivery,negative,2619,open
W08-025,2025-11-28T17:05:35+04:00,P1,Product,positive,26,open
W44-006,2026-08-09T13:20:02+04:00,P2,Billing,negative,63,resolved
W33-018,2026-05-20T00:14:41+04:00,P3,Account,negative,1394,open
W43-011,2026-07-31T05:00:24+04:00,P4,Delivery,neutral,1162,resolved
W06-002,2025-11-13T00:05:55+04:00,P3,Billing,neutral,1339,resolved
W03-021,2025-10-21T05:53:01+04:00,P3,Technical,neutral,658,resolved
W36-036,2026-06-14T22:41:13+04:00,P3,Delivery,neutral,1296,resolved
W24-001,2026-03-22T23:59:59+04:00,P2,Account,negative,146,open
W20-013,2026-02-16T01:21:32+04:00,P3,Technical,positive,1226,resolved
W26-021,2026-03-30T18:49:15+04:00,P3,Account,neutral,591,resolved
W18-059,2026-02-02T06:59:50+04:00,P3,Technical,neutral,3210,open
W03-016,2025-10-20T10:46:20+04:00,P3,Product,neutral,3315,resolved
W50-044,2026-09-17T19:23:55+04:00,P3,Product,neutral,4108,open
W40-013,2026-07-12T05:21:33+04:00,P2,Delivery,negative,62,open
W02-004,2025-10-19T19:23:35+04:00,P4,Delivery,positive,1758,open
W49-033,2026-09-12T14:10:31+04:00,P2,Billing,negative,205,resolved
W04-044,2025-11-01T01:15:48+04:00,P3,Delivery,positive,653,resolved
W49-032,2026-09-11T09:39:28+04:00,P3,Technical,positive,429,open
W37-005,2026-06-21T04:18:01+04:00,P3,Technical,neutral,754,resolved
W23-014,2026-03-13T11:30:40+04:00,P4,Billing,neutral,2592,resolved
W15-039,2026-01-12T01:15:02+04:00,P3,Product,positive,320,open
W33-009,2026-05-22T22:09:22+04:00,P3,Account,positive,1183,resolved
W36-031,2026-06-10T15:01:55+04:00,P3,Account,negative,1013,resolved
W14-031,2026-01-06T14:01:18+04:00,P3,Product,neutral,1329,resolved
W21-041,2026-02-24T18:10:57+04:00,P3,Billing,positive,597,resolved
W49-011,2026-09-13T17:35:55+04:00,P4,Delivery,positive,1408,open
W25-001,2026-03-28T07:00:44+04:00,P3,Technical,positive,1016,open
W41-038,2026-07-17T22:44:02+04:00,P2,Account,negative,79,resolved
W43-003,2026-07-28T00:34:10+04:00,P4,Technical,neutral,589,open
W16-016,2026-01-25T21:27:22+04:00,P3,Technical,neutral,866,open
W26-019,2026-04-04T06:15:15+04:00,P3,Technical,positive,252,resolved
W20-003,2026-02-18T21:48:58+04:00,P3,Billing,neutral,90,resolved
W34-011,2026-05-27T20:21:46+04:00,P4,Delivery,positive,1494,resolved
W28-026,2026-04-18T01:56:00+04:00,P4,Billing,positive,3870,resolved
W33-020,2026-05-21T14:21:39+04:00,P3,Billing,negative,821,resolved
W23-008,2026-03-13T19:46:42+04:00,P1,Account,negative,13,resolved
W23-003,2026-03-11T07:28:04+04:00,P3,Technical,negative,1341,resolved
W12-020,2025-12-24T10:09:45+04:00,P3,Product,positive,2397,open
W17-005,2026-02-01T02:43:36+04:00,P4,Account,negative,696,resolved
W36-028,2026-06-14T00:51:20+04:00,P1,Product,negative,2,resolved
W34-024,2026-05-28T18:38:32+04:00,P3,Product,negative,197,resolved
W35-028,2026-06-06T10:05:11+04:00,P3,Billing,neutral,647,resolved
W13-016,2026-01-01T15:10:33+04:00,P2,Product,positive,24,resolved
W23-019,2026-03-14T06:23:00+04:00,P2,Product,negative,186,resolved
W49-026,2026-09-08T10:33:47+04:00,P4,Delivery,positive,2411,resolved
W27-011,2026-04-06T18:44:56+04:00,P4,Billing,positive,1721,resolved
W46-056,2026-08-23T12:18:18+04:00,P1,Delivery,negative,10,resolved
W48-017,2026-09-01T12:15:40+04:00,P3,Account,neutral,3589,open
W44-007,2026-08-08T14:51:59+04:00,P3,Delivery,negative,4081,open
W50-032,2026-09-19T00:14:10+04:00,P3,Delivery,positive,1291,resolved
W15-023,2026-01-12T11:54:19+04:00,P3,Technical,negative,1268,resolved
W50-003,2026-09-15T22:06:25+04:00,P2,Technical,neutral,112,open
W23-038,2026-03-15T11:05:39+04:00,P4,Billing,positive,2018,open
W43-004,2026-07-28T01:06:15+04:00,P4,Billing,positive,653,resolved
W26-008,2026-04-01T06:34:04+04:00,P3,Billing,negative,342,resolved
W09-045,2025-12-02T16:46:42+04:00,P2,Account,negative,212,open
W32-004,2026-05-11T06:53:49+04:00,P4,Billing,positive,1530,resolved
W15-022,2026-01-18T05:55:40+04:00,P4,Technical,positive,225,open
W34-031,2026-05-30T09:38:47+04:00,P2,Product,neutral,209,resolved
W37-022,2026-06-15T18:21:11+04:00,P3,Product,neutral,91,resolved
W23-040,2026-03-13T09:33:22+04:00,P2,Delivery,negative,5,open
W01-057,2025-10-10T09:27:05+04:00,P3,Account,negative,3277,open
W33-016,2026-05-24T09:05:05+04:00,P4,Billing,neutral,1450,open
W33-002,2026-05-21T02:48:58+04:00,P2,Account,neutral,121,resolved
W01-018,2025-10-11T14:24:23+04:00,P3,Technical,negative,233,resolved
W26-025,2026-04-03T07:17:38+04:00,P2,Account,positive,122,resolved
W46-042,2026-08-21T09:26:55+04:00,P3,Technical,neutral,519,resolved
W31-018,2026-05-07T23:45:21+04:00,P3,Technical,positive,1301,open
W46-026,2026-08-22T22:43:52+04:00,P4,Delivery,positive,1492,resolved
W02-006,2025-10-14T17:43:30+04:00,P2,Delivery,positive,686,open
W15-025,2026-01-14T17:39:48+04:00,P2,Product,neutral,195,resolved
W39-010,2026-06-30T05:30:04+04:00,P2,Technical,negative,568,resolved
W18-036,2026-02-07T09:54:06+04:00,P4,Technical,neutral,1667,resolved
W44-002,2026-08-08T09:00:12+04:00,P3,Billing,negative,407,open
W16-027,2026-01-19T18:45:57+04:00,P2,Delivery,positive,213,open
W11-005,2025-12-19T23:55:36+04:00,P4,Delivery,neutral,773,open
W26-004,2026-03-31T05:25:39+04:00,P2,Technical,negative,137,resolved
W40-040,2026-07-11T03:58:36+04:00,P3,Technical,positive,1100,resolved
W26-029,2026-04-02T19:14:37+04:00,P2,Product,negative,178,open
W41-055,2026-07-18T17:33:34+04:00,P4,Account,neutral,1368,open
W41-034,2026-07-13T01:26:53+04:00,P4,Product,neutral,2168,resolved
W09-008,2025-12-07T19:46:33+04:00,P3,Billing,positive,722,resolved
W09-038,2025-12-07T21:14:09+04:00,P2,Account,neutral,584,resolved
W13-057,2026-01-01T16:42:23+04:00,P3,Delivery,negative,1392,resolved
W03-003,2025-10-23T07:27:22+04:00,P3,Technical,neutral,329,resolved
W50-060,2026-09-20T00:14:06+04:00,P3,Account,neutral,976,resolved
W45-028,2026-08-10T08:53:39+04:00,P4,Account,positive,2082,resolved
W47-049,2026-08-27T06:04:30+04:00,P1,Account,negative,53,open
W42-009,2026-07-21T21:08:50+04:00,P3,Technical,neutral,969,resolved
W16-032,2026-01-20T00:26:46+04:00,P3,Technical,positive,114,resolved
W18-062,2026-02-06T13:55:27+04:00,P3,Account,negative,69,resolved
W21-018,2026-02-24T05:10:43+04:00,P4,Product,neutral,1353,resolved
W03-049,2025-10-25T17:04:06+04:00,P2,Delivery,negative,153,resolved
W22-004,2026-03-03T08:02:13+04:00,P1,Account,negative,35,open
W16-038,2026-01-23T09:43:51+04:00,P3,Product,positive,297,resolved
W12-024,2025-12-25T10:43:29+04:00,P3,Technical,neutral,124,resolved
W38-009,2026-06-28T07:29:37+04:00,P3,Delivery,positive,948,resolved
W08-026,2025-11-26T16:46:04+04:00,P1,Account,negative,46,open
W21-016,2026-02-26T05:25:49+04:00,P2,Technical,negative,195,resolved
W18-026,2026-02-04T04:21:14+04:00,P3,Product,neutral,3619,resolved
W33-013,2026-05-19T08:22:15+04:00,P1,Account,negative,30,resolved
W04-036,2025-10-30T14:54:16+04:00,P3,Billing,neutral,47,resolved
W25-008,2026-03-26T21:39:41+04:00,P1,Technical,negative,37,resolved
W41-023,2026-07-13T07:31:36+04:00,P4,Account,neutral,2478,open
W34-018,2026-05-31T12:49:08+04:00,P4,Billing,neutral,1270,open
W02-001,2025-10-17T06:59:34+04:00,P3,Account,positive,842,open
W22-036,2026-03-03T19:19:10+04:00,P3,Technical,neutral,1211,resolved
W39-021,2026-07-04T20:35:10+04:00,P1,Technical,negative,154,resolved
W09-042,2025-12-01T01:24:26+04:00,P3,Account,positive,346,resolved
W14-029,2026-01-11T08:22:10+04:00,P3,Delivery,neutral,434,resolved
W38-028,2026-06-25T12:39:58+04:00,P4,Billing,positive,1019,resolved
W49-043,2026-09-09T03:16:00+04:00,P3,Delivery,neutral,801,open
W40-032,2026-07-06T18:28:34+04:00,P1,Account,negative,6,resolved
W17-043,2026-01-30T04:09:10+04:00,P3,Technical,negative,962,resolved
W13-048,2026-01-02T05:32:29+04:00,P2,Product,negative,197,open
W41-050,2026-07-15T09:40:07+04:00,P1,Billing,negative,147,resolved
W05-001,2025-11-03T01:30:47+04:00,P4,Billing,positive,375,resolved
W08-012,2025-11-25T22:18:14+04:00,P3,Product,positive,1056,resolved
W14-000,2026-01-08T02:50:37+04:00,P3,Delivery,negative,564,resolved
W46-025,2026-08-17T14:33:51+04:00,P3,Delivery,positive,841,resolved
W31-055,2026-05-10T12:37:29+04:00,P2,Delivery,negative,137,resolved
W40-043,2026-07-08T05:49:11+04:00,P3,Delivery,neutral,672,open
W08-017,2025-11-26T16:28:23+04:00,P1,Technical,negative,14,open
W18-046,2026-02-07T09:40:01+04:00,P3,Account,negative,1376,open
W24-034,2026-03-20T13:03:12+04:00,P2,Product,negative,645,open
W13-006,2026-01-03T10:53:48+04:00,P2,Billing,neutral,602,open
W00-019,2025-10-04T06:56:47+04:00,P4,Product,neutral,1118,resolved
W08-043,2025-11-24T14:02:58+04:00,P3,Account,neutral,41,open
W41-047,2026-07-15T08:36:08+04:00,P2,Billing,negative,91,open
W24-010,2026-03-17T07:33:31+04:00,P3,Delivery,positive,2179,resolved
W37-050,2026-06-18T00:32:20+04:00,P2,Billing,neutral,125,resolved
W07-042,2025-11-18T05:29:36+04:00,P1,Billing,negative,4,resolved
W15-048,2026-01-13T01:04:19+04:00,P3,Product,positive,3846,resolved
W35-010,2026-06-03T20:03:32+04:00,P4,Delivery,negative,2803,resolved
W24-038,2026-03-20T18:10:54+04:00,P3,Technical,neutral,1294,open
W07-044,2025-11-23T16:06:03+04:00,P3,Delivery,negative,3782,resolved
W23-045,2026-03-10T19:36:29+04:00,P3,Technical,negative,3146,resolved
W47-033,2026-08-30T08:00:54+04:00,P3,Delivery,negative,1163,resolved
W21-008,2026-02-26T17:44:26+04:00,P3,Delivery,positive,816,resolved
W23-000,2026-03-09T03:58:45+04:00,P2,Product,negative,25,open
W01-035,2025-10-11T20:44:40+04:00,P4,Delivery,positive,1576,resolved
W18-030,2026-02-03T20:55:19+04:00,P3,Delivery,negative,184,resolved
W08-014,2025-11-29T15:12:48+04:00,P1,Technical,neutral,53,open
W36-012,2026-06-08T01:07:07+04:00,P3,Billing,neutral,188,resolved
W23-017,2026-03-13T15:15:36+04:00,P4,Account,neutral,2819,open
W30-007,2026-04-27T01:38:07+04:00,P2,Technical,negative,50,open
W09-069,2025-12-03T19:43:27+04:00,P3,Account,negative,3395,resolved
W45-010,2026-08-11T19:22:27+04:00,P3,Product,positive,895,resolved
W31-063,2026-05-07T23:43:23+04:00,P2,Product,negative,46,open
W03-010,2025-10-26T01:35:08+04:00,P2,Account,negative,704,open
W46-012,2026-08-23T06:14:02+04:00,P4,Product,positive,268,resolved
W18-018,2026-02-03T17:24:04+04:00,P3,Delivery,positive,2026,open
W09-024,2025-12-05T13:12:52+04:00,P4,Technical,positive,7115,open
W23-035,2026-03-14T04:30:17+04:00,P2,Product,positive,29,open
W37-006,2026-06-21T04:48:16+04:00,P3,Billing,positive,767,resolved
W08-040,2025-11-26T00:01:32+04:00,P3,Billing,positive,386,resolved
W09-034,2025-12-04T14:48:54+04:00,P3,Billing,positive,296,open
W01-021,2025-10-09T05:49:10+04:00,P4,Technical,positive,2080,resolved
W36-006,2026-06-09T14:32:48+04:00,P3,Delivery,positive,701,resolved
W22-033,2026-03-02T02:20:18+04:00,P3,Billing,negative,880,resolved
W46-055,2026-08-23T16:55:07+04:00,P2,Account,negative,201,resolved
W09-052,2025-12-07T06:50:42+04:00,P2,Delivery,negative,346,resolved
W35-027,2026-06-05T07:53:43+04:00,P1,Technical,negative,180,resolved
W50-057,2026-09-14T19:50:09+04:00,P4,Billing,negative,1878,open
W38-013,2026-06-28T00:11:43+04:00,P4,Technical,negative,1044,resolved
W27-029,2026-04-07T12:28:40+04:00,P4,Technical,neutral,1546,resolved
W13-014,2025-12-29T14:16:53+04:00,P3,Billing,positive,180,resolved
W11-011,2025-12-20T23:45:55+04:00,P2,Product,neutral,248,resolved
W08-049,2025-11-30T05:02:41+04:00,P2,Technical,positive,287,resolved
W20-006,2026-02-16T07:46:55+04:00,P3,Billing,negative,947,resolved
W41-015,2026-07-19T13:00:09+04:00,P3,Product,neutral,2177,resolved
W32-026,2026-05-16T09:18:37+04:00,P2,Product,negative,7,open
W13-036,2025-12-30T01:21:45+04:00,P3,Product,neutral,1621,resolved
W26-015,2026-04-03T08:02:25+04:00,P3,Billing,neutral,291,resolved
W15-055,2026-01-17T18:39:24+04:00,P3,Account,positive,1287,open
W04-060,2025-10-27T01:55:33+04:00,P3,Account,positive,33,open
W48-011,2026-09-04T01:18:31+04:00,P4,Delivery,positive,1870,open
W04-046,2025-11-02T18:19:17+04:00,P4,Billing,neutral,1707,open
W46-045,2026-08-18T00:43:09+04:00,P4,Delivery,positive,2543,resolved
W34-004,2026-05-29T21:51:32+04:00,P3,Technical,negative,3890,resolved
W38-002,2026-06-26T03:27:50+04:00,P1,Delivery,negative,52,resolved
W13-031,2026-01-01T19:36:16+04:00,P3,Product,negative,2703,open
W06-010,2025-11-13T23:19:47+04:00,P3,Delivery,positive,1000,open
W15-056,2026-01-12T17:02:32+04:00,P4,Delivery,neutral,668,resolved
W46-018,2026-08-18T15:15:14+04:00,P3,Delivery,neutral,3954,open
W29-038,2026-04-20T22:34:29+04:00,P3,Product,neutral,872,resolved
W47-040,2026-08-30T15:36:11+04:00,P4,Product,negative,794,resolved
W09-050,2025-12-07T20:48:17+04:00,P3,Account,negative,1160,open
W21-002,2026-02-25T22:35:25+04:00,P3,Delivery,positive,506,resolved
W12-004,2025-12-25T15:55:03+04:00,P1,Technical,neutral,57,resolved
W36-023,2026-06-14T15:00:35+04:00,P3,Product,positive,642,open
W19-021,2026-02-14T16:31:47+04:00,P3,Product,negative,1132,open
W42-017,2026-07-23T01:22:48+04:00,P3,Billing,positive,247,resolved
W36-025,2026-06-12T16:18:13+04:00,P3,Product,positive,291,resolved
W04-006,2025-10-30T12:10:42+04:00,P3,Billing,negative,610,open
W27-021,2026-04-12T11:39:43+04:00,P3,Technical,neutral,154,open
W49-042,2026-09-08T11:25:31+04:00,P4,Technical,neutral,813,resolved
W16-000,2026-01-23T02:38:01+04:00,P3,Technical,neutral,2256,resolved
W38-030,2026-06-27T07:04:45+04:00,P4,Product,positive,2011,open
W29-035,2026-04-23T01:24:26+04:00,P3,Product,neutral,3462,resolved
W23-033,2026-03-12T06:57:41+04:00,P4,Delivery,positive,426,resolved
W37-053,2026-06-20T05:14:19+04:00,P2,Billing,neutral,94,resolved
W46-010,2026-08-18T04:21:30+04:00,P3,Delivery,positive,1951,resolved
W02-011,2025-10-19T09:28:50+04:00,P3,Technical,negative,997,open
W03-006,2025-10-24T01:39:37+04:00,P3,Technical,neutral,1332,resolved
W19-009,2026-02-11T04:08:13+04:00,P3,Billing,positive,951,resolved
W49-051,2026-09-11T07:10:27+04:00,P1,Technical,negative,7,open
W28-017,2026-04-13T09:29:43+04:00,P3,Account,positive,776,open
W42-033,2026-07-24T13:30:44+04:00,P4,Delivery,positive,1413,resolved
W37-051,2026-06-19T03:03:09+04:00,P3,Billing,neutral,458,open
W46-043,2026-08-22T16:05:19+04:00,P1,Product,negative,19,resolved
W22-016,2026-03-08T11:04:31+04:00,P2,Product,negative,228,open
W04-053,2025-10-30T19:08:42+04:00,P4,Product,positive,1519,resolved
W44-012,2026-08-09T07:09:13+04:00,P3,Billing,positive,3727,resolved
W04-024,2025-10-28T10:11:59+04:00,P3,Product,positive,637,open
W36-004,2026-06-08T03:06:36+04:00,P2,Account,negative,238,open
W33-012,2026-05-23T04:13:52+04:00,P3,Delivery,positive,2937,open
W06-007,2025-11-11T12:57:31+04:00,P4,Billing,positive,1136,open
W34-037,2026-05-28T21:22:04+04:00,P3,Account,negative,1359,open
W31-049,2026-05-08T04:15:34+04:00,P3,Delivery,positive,349,open
W07-034,2025-11-19T16:20:25+04:00,P4,Account,negative,2505,open
W13-047,2025-12-29T19:02:20+04:00,P2,Delivery,positive,8,resolved
W31-023,2026-05-09T00:59:31+04:00,P2,Account,negative,111,resolved
W46-044,2026-08-18T20:54:12+04:00,P3,Billing,neutral,2233,open
W47-011,2026-08-26T20:57:27+04:00,P4,Account,positive,7752,resolved
W43-040,2026-08-02T03:30:40+04:00,P3,Billing,positive,665,resolved
W14-024,2026-01-05T23:26:05+04:00,P3,Technical,neutral,697,resolved
W24-032,2026-03-22T03:50:16+04:00,P4,Product,negative,918,resolved
W49-035,2026-09-09T16:49:35+04:00,P4,Technical,positive,605,resolved
W31-036,2026-05-09T14:23:39+04:00,P3,Billing,positive,363,open
W33-011,2026-05-24T15:52:44+04:00,P3,Billing,negative,999,resolved
W14-016,2026-01-09T00:53:33+04:00,P2,Technical,negative,439,resolved
W46-033,2026-08-19T03:31:09+04:00,P3,Delivery,positive,1764,resolved
W15-035,2026-01-14T05:05:34+04:00,P3,Product,neutral,585,resolved
W41-044,2026-07-17T11:17:45+04:00,P4,Account,neutral,447,resolved
W10-013,2025-12-11T19:25:19+04:00,P2,Delivery,negative,122,resolved
W43-001,2026-08-01T12:06:46+04:00,P4,Account,positive,488,resolved
W24-015,2026-03-20T21:59:05+04:00,P3,Delivery,neutral,2562,resolved
W30-003,2026-04-30T08:53:48+04:00,P2,Account,neutral,214,open
W50-026,2026-09-17T08:19:44+04:00,P3,Account,negative,530,open
W41-004,2026-07-19T22:31:15+04:00,P3,Delivery,neutral,1840,resolved
W36-042,2026-06-09T11:03:29+04:00,P3,Account,negative,386,resolved
W45-011,2026-08-10T05:31:42+04:00,P3,Technical,neutral,973,resolved
W22-001,2026-03-07T03:53:24+04:00,P2,Billing,negative,371,open
W20-014,2026-02-17T02:37:05+04:00,P4,Billing,positive,820,resolved
W29-028,2026-04-23T16:00:31+04:00,P4,Delivery,positive,96,resolved
W06-014,2025-11-10T04:44:32+04:00,P4,Technical,negative,1883,resolved
W40-037,2026-07-10T12:30:33+04:00,P4,Technical,neutral,71,open
W39-015,2026-07-02T23:06:46+04:00,P1,Product,negative,23,resolved
W21-004,2026-02-24T23:01:08+04:00,P3,Billing,negative,1358,resolved
W45-007,2026-08-10T07:13:14+04:00,P4,Product,positive,806,resolved
W03-009,2025-10-21T11:29:27+04:00,P3,Product,negative,617,resolved
W04-004,2025-11-02T09:03:22+04:00,P2,Billing,negative,123,resolved
W08-019,2025-11-27T16:58:17+04:00,P4,Billing,neutral,2492,open
W31-002,2026-05-08T10:16:25+04:00,P4,Product,positive,2192,resolved
W49-031,2026-09-11T11:17:33+04:00,P4,Delivery,neutral,326,open
W46-037,2026-08-20T07:34:27+04:00,P4,Billing,positive,56,resolved
W10-019,2025-12-10T02:54:51+04:00,P3,Product,neutral,807,resolved
W34-035,2026-05-27T21:44:42+04:00,P4,Account,negative,580,resolved
W00-006,2025-10-04T08:47:18+04:00,P2,Account,negative,114,open
W02-014,2025-10-18T07:03:29+04:00,P3,Billing,positive,1614,resolved
W49-001,2026-09-07T21:33:43+04:00,P3,Billing,neutral,1405,resolved
W42-036,2026-07-22T20:53:16+04:00,P1,Technical,negative,4,resolved
W07-026,2025-11-22T23:22:17+04:00,P1,Delivery,neutral,13,open
W38-019,2026-06-28T16:57:39+04:00,P3,Billing,negative,547,resolved
W09-025,2025-12-04T21:17:52+04:00,P4,Product,positive,789,open
W15-038,2026-01-13T11:23:11+04:00,P2,Product,negative,78,resolved
W34-010,2026-05-28T04:09:54+04:00,P4,Billing,positive,1586,open
W15-008,2026-01-13T04:33:47+04:00,P2,Delivery,negative,357,resolved
W13-010,2025-12-29T03:33:20+04:00,P2,Billing,neutral,65,resolved
W36-044,2026-06-08T08:23:41+04:00,P4,Technical,neutral,3088,open
W03-037,2025-10-23T21:58:54+04:00,P4,Technical,neutral,664,open
W48-010,2026-09-01T15:38:11+04:00,P2,Technical,negative,57,open
W43-047,2026-08-01T03:59:20+04:00,P1,Delivery,negative,41,open
W13-062,2025-12-29T04:34:30+04:00,P4,Billing,neutral,3468,resolved
W47-031,2026-08-24T04:17:00+04:00,P1,Product,negative,21,resolved
W40-011,2026-07-11T10:57:32+04:00,P3,Product,positive,663,resolved
W09-053,2025-12-02T06:03:59+04:00,P3,Product,neutral,664,open
W04-014,2025-10-28T02:03:26+04:00,P2,Delivery,negative,233,open
W42-026,2026-07-21T16:41:58+04:00,P3,Delivery,neutral,920,open
W47-034,2026-08-27T02:52:59+04:00,P3,Account,positive,1219,resolved
W18-051,2026-02-08T20:46:26+04:00,P4,Account,neutral,2703,open
W27-024,2026-04-10T00:00:20+04:00,P2,Delivery,neutral,521,open
W09-035,2025-12-02T17:10:41+04:00,P4,Delivery,neutral,2274,resolved
W37-000,2026-06-16T22:19:46+04:00,P3,Product,neutral,919,resolved
W37-033,2026-06-19T12:44:16+04:00,P4,Billing,positive,1334,open
W44-020,2026-08-06T08:44:08+04:00,P4,Delivery,neutral,1958,open
W31-056,2026-05-06T23:23:12+04:00,P4,Technical,neutral,749,resolved
W13-012,2025-12-29T01:54:52+04:00,P3,Product,positive,3899,resolved
W38-001,2026-06-23T18:23:54+04:00,P4,Product,positive,3576,open
W49-015,2026-09-10T10:03:38+04:00,P2,Account,negative,35,resolved
W49-027,2026-09-10T05:07:13+04:00,P2,Technical,positive,582,open
W21-020,2026-02-25T06:44:24+04:00,P4,Billing,positive,2705,resolved
W49-006,2026-09-13T22:07:12+04:00,P3,Technical,positive,173,open
W22-009,2026-03-05T03:27:25+04:00,P4,Product,positive,523,resolved
W48-000,2026-08-31T00:00:00+04:00,P2,Product,positive,200,open
W01-019,2025-10-11T01:01:13+04:00,P3,Billing,positive,560,resolved
W18-056,2026-02-02T13:40:46+04:00,P3,Product,neutral,460,resolved
W13-025,2026-01-02T19:21:27+04:00,P3,Delivery,neutral,700,open
W31-005,2026-05-08T10:55:36+04:00,P1,Delivery,negative,30,resolved
W30-014,2026-05-01T10:40:47+04:00,P4,Delivery,neutral,2404,open
W43-046,2026-07-27T20:10:06+04:00,P4,Billing,neutral,1300,resolved
W09-020,2025-12-07T14:11:00+04:00,P4,Account,negative,1704,open
W09-062,2025-12-06T10:50:23+04:00,P3,Account,positive,444,open
W15-005,2026-01-17T06:36:26+04:00,P2,Technical,negative,54,resolved
W00-016,2025-10-01T14:19:05+04:00,P2,Billing,negative,181,resolved
W28-005,2026-04-13T03:35:38+04:00,P3,Technical,positive,514,resolved
W46-048,2026-08-21T16:43:44+04:00,P3,Technical,neutral,138,resolved
W08-011,2025-11-25T02:00:24+04:00,P2,Product,positive,107,resolved
W08-018,2025-11-24T02:35:30+04:00,P2,Billing,negative,6,resolved
W08-006,2025-11-25T05:11:11+04:00,P2,Billing,negative,195,resolved
W36-017,2026-06-10T18:19:37+04:00,P2,Technical,negative,194,resolved
W18-027,2026-02-07T09:23:28+04:00,P2,Billing,negative,228,resolved
W50-006,2026-09-19T04:11:13+04:00,P3,Product,positive,338,resolved
W06-001,2025-11-10T12:07:11+04:00,P2,Account,positive,194,open
W21-015,2026-02-23T12:11:32+04:00,P3,Technical,negative,15,resolved
W49-003,2026-09-13T13:38:22+04:00,P2,Technical,negative,190,resolved
W27-017,2026-04-12T22:07:56+04:00,P3,Technical,positive,425,resolved
W47-038,2026-08-29T07:31:59+04:00,P3,Technical,positive,738,resolved
W15-030,2026-01-12T06:36:32+04:00,P2,Billing,negative,134,resolved
W46-003,2026-08-19T16:39:46+04:00,P3,Account,neutral,1176,resolved
W43-027,2026-07-28T06:56:09+04:00,P3,Delivery,negative,1034,open
W05-009,2025-11-05T10:30:08+04:00,P3,Product,neutral,1236,resolved
W36-037,2026-06-14T20:04:20+04:00,P3,Account,negative,1001,resolved
W06-011,2025-11-14T08:20:23+04:00,P1,Technical,negative,43,resolved
W16-030,2026-01-21T10:50:02+04:00,P3,Account,positive,76,resolved
W01-038,2025-10-07T15:50:23+04:00,P3,Delivery,negative,514,open
W13-038,2026-01-01T20:57:32+04:00,P4,Billing,neutral,2181,resolved
W07-023,2025-11-20T00:11:36+04:00,P4,Product,neutral,411,open
W16-023,2026-01-21T10:16:35+04:00,P4,Account,positive,1284,resolved
W17-027,2026-02-01T04:44:16+04:00,P3,Account,negative,1881,resolved
W24-042,2026-03-16T15:04:22+04:00,P2,Billing,positive,169,resolved
W18-020,2026-02-08T20:47:26+04:00,P3,Technical,positive,635,resolved
W15-028,2026-01-13T01:25:49+04:00,P3,Delivery,neutral,938,resolved
W31-016,2026-05-05T13:47:50+04:00,P3,Delivery,negative,849,resolved
W12-014,2025-12-23T19:06:42+04:00,P4,Account,neutral,1616,resolved
W21-028,2026-02-27T00:56:07+04:00,P2,Account,negative,204,resolved
W47-004,2026-08-28T18:27:57+04:00,P3,Delivery,negative,4092,resolved
W44-005,2026-08-09T17:06:45+04:00,P3,Delivery,neutral,484,open
W41-027,2026-07-13T07:38:46+04:00,P4,Delivery,neutral,1915,resolved
W27-025,2026-04-06T10:17:59+04:00,P4,Technical,neutral,2310,resolved
W05-020,2025-11-07T05:27:29+04:00,P3,Technical,negative,291,resolved
W10-025,2025-12-14T01:31:06+04:00,P2,Billing,negative,456,resolved
W13-042,2025-12-30T01:05:02+04:00,P2,Product,neutral,268,resolved
W13-027,2026-01-02T01:36:27+04:00,P4,Billing,positive,2200,resolved
W12-008,2025-12-24T02:21:41+04:00,P3,Account,neutral,989,resolved
W09-051,2025-12-03T15:44:08+04:00,P4,Billing,positive,166,resolved
W01-056,2025-10-06T15:15:44+04:00,P1,Billing,negative,94,resolved
W05-002,2025-11-08T10:44:06+04:00,P3,Delivery,negative,3206,open
W31-062,2026-05-09T12:53:37+04:00,P3,Technical,positive,399,resolved
W16-019,2026-01-21T10:45:59+04:00,P3,Delivery,negative,893,resolved
W18-031,2026-02-02T07:54:51+04:00,P4,Billing,negative,744,open
W46-019,2026-08-21T09:14:27+04:00,P3,Billing,negative,979,resolved
W46-001,2026-08-18T20:32:58+04:00,P2,Account,negative,246,open
W46-006,2026-08-20T00:19:05+04:00,P3,Technical,negative,1903,resolved
W04-048,2025-10-27T11:31:08+04:00,P2,Billing,negative,155,resolved
W01-022,2025-10-12T12:52:22+04:00,P3,Delivery,positive,915,resolved
W50-016,2026-09-18T16:19:50+04:00,P3,Delivery,neutral,413,resolved
W30-004,2026-04-30T00:58:29+04:00,P2,Product,negative,202,open
W18-004,2026-02-08T16:43:09+04:00,P3,Billing,positive,1048,resolved
W07-017,2025-11-21T07:05:36+04:00,P3,Product,positive,354,resolved
W21-003,2026-02-24T19:04:27+04:00,P1,Delivery,negative,45,resolved
W23-037,2026-03-13T01:07:43+04:00,P3,Product,positive,1304,resolved
W40-030,2026-07-09T09:03:39+04:00,P4,Account,neutral,2517,resolved
W48-025,2026-09-02T18:35:44+04:00,P1,Account,negative,9,resolved
W00-039,2025-10-01T19:08:56+04:00,P3,Account,positive,515,resolved
W33-029,2026-05-20T01:03:58+04:00,P3,Delivery,negative,1199,open
W21-019,2026-03-01T10:33:25+04:00,P3,Product,neutral,1944,resolved
W36-002,2026-06-11T04:38:14+04:00,P3,Billing,negative,628,resolved
W22-017,2026-03-02T02:07:24+04:00,P2,Technical,negative,191,open
W02-005,2025-10-16T05:53:59+04:00,P3,Account,negative,1421,resolved
W25-018,2026-03-28T06:54:06+04:00,P2,Technical,negative,221,resolved
W49-020,2026-09-09T21:53:03+04:00,P3,Delivery,positive,739,resolved
W18-040,2026-02-05T09:56:16+04:00,P3,Delivery,neutral,1046,resolved
W13-024,2026-01-01T17:38:42+04:00,P2,Billing,negative,18,resolved
W31-015,2026-05-08T20:07:16+04:00,P3,Billing,negative,1239,resolved
W43-013,2026-07-29T09:05:09+04:00,P4,Billing,positive,1957,open
W18-053,2026-02-02T06:44:00+04:00,P4,Billing,positive,2778,open
W08-033,2025-11-28T00:53:07+04:00,P4,Product,neutral,1998,open
W25-009,2026-03-24T05:58:39+04:00,P3,Product,negative,446,open
W36-015,2026-06-08T01:50:20+04:00,P3,Account,neutral,1040,resolved
W11-013,2025-12-21T14:12:58+04:00,P2,Billing,negative,19,resolved
W24-040,2026-03-16T22:56:38+04:00,P1,Account,negative,35,open
W04-015,2025-11-01T01:43:04+04:00,P3,Account,neutral,359,resolved
W40-050,2026-07-08T05:55:22+04:00,P2,Account,neutral,327,open
W17-000,2026-01-31T11:21:23+04:00,P2,Billing,negative,61,resolved
W15-058,2026-01-14T05:22:28+04:00,P3,Account,neutral,1287,resolved
W00-035,2025-10-02T09:27:23+04:00,P4,Billing,positive,1395,open
W08-057,2025-11-25T08:53:43+04:00,P3,Delivery,neutral,1000,resolved
W50-001,2026-09-15T02:36:00+04:00,P3,Delivery,positive,4187,open
W15-054,2026-01-12T19:26:06+04:00,P3,Billing,negative,1010,open
W27-015,2026-04-08T08:00:36+04:00,P2,Billing,negative,203,resolved
W36-038,2026-06-11T21:41:19+04:00,P4,Delivery,neutral,608,resolved
W49-010,2026-09-08T01:45:56+04:00,P3,Billing,positive,1922,resolved
W04-025,2025-11-01T19:16:50+04:00,P4,Delivery,neutral,548,resolved
W17-032,2026-01-28T02:01:17+04:00,P2,Account,negative,4,open
W31-044,2026-05-09T09:31:12+04:00,P4,Product,positive,2823,resolved
W36-000,2026-06-08T00:00:00+04:00,P3,Product,negative,856,resolved
W17-006,2026-01-27T17:18:03+04:00,P4,Product,positive,1774,resolved
W33-027,2026-05-19T12:22:09+04:00,P2,Account,negative,77,open
W15-032,2026-01-16T01:49:52+04:00,P2,Technical,neutral,134,resolved
W49-029,2026-09-09T16:04:57+04:00,P4,Delivery,neutral,1691,open
W01-053,2025-10-08T12:20:20+04:00,P4,Billing,neutral,7421,open
W09-014,2025-12-03T11:09:12+04:00,P3,Delivery,neutral,2470,open
W40-003,2026-07-12T05:58:22+04:00,P3,Technical,positive,1434,resolved
W01-055,2025-10-06T07:30:32+04:00,P4,Billing,positive,451,resolved
W00-026,2025-10-02T02:38:10+04:00,P2,Technical,negative,180,resolved
W44-000,2026-08-09T17:18:21+04:00,P3,Account,positive,1347,resolved
W37-011,2026-06-17T15:08:57+04:00,P1,Billing,negative,17,open
W19-006,2026-02-13T13:00:35+04:00,P4,Billing,neutral,2845,resolved
W06-026,2025-11-10T15:53:39+04:00,P4,Billing,neutral,1211,resolved
W00-029,2025-09-30T11:15:35+04:00,P3,Billing,negative,1402,open
W09-063,2025-12-03T04:58:39+04:00,P4,Product,positive,2387,open
W18-007,2026-02-07T10:42:14+04:00,P3,Technical,negative,256,resolved
W15-037,2026-01-15T20:18:59+04:00,P3,Delivery,negative,72,resolved
W41-029,2026-07-19T19:59:09+04:00,P3,Account,negative,2988,resolved
W04-034,2025-10-31T13:24:52+04:00,P4,Product,positive,1547,resolved
W34-040,2026-05-25T16:03:12+04:00,P3,Product,positive,589,open
W11-015,2025-12-21T07:47:33+04:00,P4,Product,neutral,385,open
W21-007,2026-02-24T07:49:42+04:00,P3,Product,positive,183,open
W44-027,2026-08-05T08:03:12+04:00,P2,Account,neutral,533,resolved
W27-012,2026-04-10T13:01:45+04:00,P3,Technical,negative,905,open
W42-010,2026-07-22T14:53:14+04:00,P3,Product,neutral,357,resolved
W09-064,2025-12-01T20:03:07+04:00,P3,Delivery,negative,929,resolved
W24-026,2026-03-17T23:22:38+04:00,P2,Billing,negative,142,open
W45-002,2026-08-11T23:08:57+04:00,P2,Product,negative,126,resolved
W46-017,2026-08-18T02:18:02+04:00,P3,Product,positive,1411,resolved
W31-019,2026-05-09T09:26:09+04:00,P3,Account,negative,710,resolved
W45-022,2026-08-16T21:34:36+04:00,P2,Account,negative,150,resolved
W21-025,2026-02-25T22:52:57+04:00,P2,Product,positive,62,resolved
W15-001,2026-01-13T01:38:16+04:00,P4,Account,neutral,2507,open
W01-043,2025-10-06T04:03:14+04:00,P3,Product,positive,3057,resolved
W49-047,2026-09-12T17:58:10+04:00,P3,Account,neutral,2930,open
W31-017,2026-05-04T05:15:50+04:00,P2,Account,positive,356,open
W08-030,2025-11-24T15:38:04+04:00,P3,Account,negative,964,open
W47-021,2026-08-30T23:20:30+04:00,P4,Billing,positive,1,resolved
W25-025,2026-03-29T00:03:51+04:00,P4,Billing,neutral,308,resolved
W24-003,2026-03-22T23:55:16+04:00,P3,Product,positive,574,resolved
W24-037,2026-03-22T06:40:04+04:00,P4,Product,neutral,1304,resolved
W45-018,2026-08-15T14:55:50+04:00,P4,Account,neutral,814,open
W09-032,2025-12-04T15:46:29+04:00,P3,Technical,neutral,1405,open
W43-035,2026-07-30T20:25:34+04:00,P3,Account,negative,917,resolved
W04-030,2025-11-01T13:03:07+04:00,P4,Product,positive,6284,open
W23-015,2026-03-12T13:53:40+04:00,P2,Account,negative,700,resolved
W15-060,2026-01-12T03:45:24+04:00,P3,Delivery,negative,295,resolved
W10-026,2025-12-11T01:06:05+04:00,P4,Account,positive,1229,open
W39-013,2026-06-30T18:30:28+04:00,P3,Delivery,neutral,1855,open
W23-044,2026-03-09T08:47:32+04:00,P3,Account,negative,324,resolved
W12-007,2025-12-25T15:28:09+04:00,P2,Delivery,neutral,208,resolved
W08-007,2025-11-28T15:34:10+04:00,P3,Technical,positive,541,open
W24-012,2026-03-17T21:21:46+04:00,P3,Product,negative,1117,resolved
W39-026,2026-06-29T14:56:17+04:00,P2,Account,negative,104,open
W00-037,2025-09-30T03:06:13+04:00,P4,Product,positive,71,resolved
W02-024,2025-10-17T15:59:19+04:00,P4,Technical,neutral,2077,resolved
W27-026,2026-04-07T13:42:33+04:00,P4,Product,neutral,1962,resolved
W24-030,2026-03-20T14:59:51+04:00,P3,Product,negative,1130,resolved
W40-044,2026-07-09T04:57:13+04:00,P2,Billing,neutral,25,resolved
W17-026,2026-01-31T04:35:09+04:00,P3,Billing,positive,1072,resolved
W17-019,2026-01-28T03:50:57+04:00,P4,Technical,positive,4971,resolved
W01-039,2025-10-10T10:16:24+04:00,P2,Technical,negative,149,open
W20-005,2026-02-22T02:54:56+04:00,P3,Account,negative,216,resolved
W06-006,2025-11-16T05:50:03+04:00,P3,Delivery,positive,548,open
W40-058,2026-07-08T13:13:35+04:00,P3,Billing,negative,1452,open
W07-021,2025-11-23T02:19:57+04:00,P4,Delivery,positive,2317,resolved
W01-023,2025-10-08T06:56:56+04:00,P3,Account,positive,660,open
W46-050,2026-08-21T00:25:03+04:00,P3,Account,positive,470,resolved
W04-059,2025-11-02T03:18:19+04:00,P3,Billing,negative,448,resolved
W07-036,2025-11-19T13:04:29+04:00,P2,Technical,positive,68,resolved
W14-028,2026-01-05T04:46:55+04:00,P3,Account,positive,921,resolved
W41-053,2026-07-15T12:47:21+04:00,P3,Account,neutral,2198,resolved
W17-014,2026-01-28T04:35:40+04:00,P4,Account,neutral,2338,resolved
W37-048,2026-06-21T06:30:37+04:00,P3,Product,neutral,241,resolved
W50-035,2026-09-15T07:03:36+04:00,P3,Billing,neutral,2898,resolved
W29-041,2026-04-25T06:50:33+04:00,P2,Account,negative,301,resolved
W31-011,2026-05-08T02:23:00+04:00,P2,Technical,negative,21,open
W07-027,2025-11-19T15:43:57+04:00,P3,Product,negative,3905,resolved
W27-032,2026-04-06T16:34:06+04:00,P3,Account,neutral,512,resolved
W47-000,2026-08-27T20:09:21+04:00,P4,Account,neutral,1674,open
W00-020,2025-10-01T00:04:21+04:00,P1,Delivery,negative,47,resolved
W14-006,2026-01-10T18:14:03+04:00,P3,Account,negative,799,resolved
W47-044,2026-08-24T02:50:05+04:00,P2,Product,negative,187,open
W11-022,2025-12-17T08:12:18+04:00,P3,Delivery,positive,899,resolved
W01-016,2025-10-11T21:10:57+04:00,P2,Account,negative,226,resolved
W43-044,2026-07-28T15:38:57+04:00,P4,Technical,positive,105,resolved
W26-022,2026-03-30T15:29:37+04:00,P1,Technical,negative,8,resolved
W48-016,2026-09-02T01:00:21+04:00,P4,Billing,neutral,1768,resolved
W13-021,2025-12-31T19:47:06+04:00,P3,Product,positive,369,open
W16-036,2026-01-21T14:21:49+04:00,P3,Billing,neutral,2158,resolved
W04-035,2025-10-29T03:59:03+04:00,P3,Account,negative,243,open
W43-016,2026-07-28T13:42:57+04:00,P3,Account,positive,316,resolved
W37-052,2026-06-16T09:48:48+04:00,P3,Product,negative,1436,resolved
W23-048,2026-03-14T12:19:24+04:00,P4,Account,positive,2785,open
W26-016,2026-04-01T12:05:29+04:00,P1,Account,negative,24,open
W34-019,2026-05-29T22:35:19+04:00,P3,Delivery,negative,1041,resolved
W17-023,2026-01-28T06:16:48+04:00,P3,Account,neutral,755,resolved
W09-001,2025-12-02T15:12:56+04:00,P2,Product,negative,130,resolved
W42-008,2026-07-25T05:12:36+04:00,P4,Technical,neutral,579,resolved
W29-021,2026-04-22T13:18:06+04:00,P4,Delivery,neutral,2125,resolved
W23-012,2026-03-15T11:24:44+04:00,P4,Delivery,neutral,187,resolved
W20-004,2026-02-18T15:16:48+04:00,P2,Account,negative,179,resolved
W39-024,2026-07-05T07:28:30+04:00,P3,Account,negative,1208,open
W13-013,2025-12-29T16:02:18+04:00,P4,Delivery,neutral,4095,open
W10-005,2025-12-10T10:20:40+04:00,P2,Delivery,positive,104,open
W20-012,2026-02-22T08:17:53+04:00,P2,Technical,neutral,13,open
W17-048,2026-01-26T09:18:42+04:00,P3,Billing,negative,1032,resolved
W04-047,2025-11-01T11:00:35+04:00,P2,Billing,negative,21,resolved
W13-041,2026-01-03T09:13:18+04:00,P2,Technical,negative,139,resolved
W40-012,2026-07-09T00:59:33+04:00,P4,Product,neutral,4225,resolved
W22-020,2026-03-08T00:19:37+04:00,P2,Billing,negative,109,resolved
W37-039,2026-06-15T03:04:41+04:00,P2,Technical,negative,104,open
W28-003,2026-04-14T14:24:38+04:00,P2,Product,negative,61,resolved
W37-040,2026-06-20T19:21:20+04:00,P3,Delivery,neutral,1269,open
W08-037,2025-11-26T17:54:16+04:00,P4,Account,neutral,1020,open
W22-030,2026-03-05T05:25:11+04:00,P3,Delivery,neutral,982,resolved
W03-024,2025-10-25T07:37:37+04:00,P3,Product,neutral,293,resolved
W12-017,2025-12-27T05:15:56+04:00,P3,Account,neutral,546,resolved
W17-037,2026-01-26T05:43:01+04:00,P1,Billing,positive,31,resolved
W13-004,2026-01-04T15:09:09+04:00,P3,Product,negative,369,resolved
W25-021,2026-03-24T16:07:35+04:00,P3,Account,positive,349,open
W40-020,2026-07-08T18:45:55+04:00,P3,Account,negative,1087,resolved
W28-023,2026-04-19T12:35:31+04:00,P3,Billing,positive,257,resolved
W50-058,2026-09-15T14:33:54+04:00,P4,Technical,negative,670,resolved
W15-046,2026-01-16T06:20:22+04:00,P3,Product,positive,2853,resolved
W24-043,2026-03-17T06:07:22+04:00,P2,Billing,negative,149,resolved
W11-001,2025-12-21T20:16:20+04:00,P4,Account,neutral,1871,resolved
W22-007,2026-03-03T03:49:41+04:00,P4,Technical,positive,2006,open
W31-046,2026-05-05T22:06:32+04:00,P1,Delivery,negative,20,open
W31-058,2026-05-10T08:12:21+04:00,P2,Billing,neutral,34,resolved
W47-023,2026-08-26T03:44:13+04:00,P4,Product,neutral,1926,open
W20-002,2026-02-21T05:51:05+04:00,P3,Delivery,neutral,368,resolved
W27-013,2026-04-10T13:59:32+04:00,P3,Technical,positive,3282,resolved
W36-045,2026-06-13T10:06:23+04:00,P3,Product,negative,303,open
W24-031,2026-03-21T15:08:03+04:00,P2,Product,positive,234,resolved
W48-014,2026-09-03T02:31:01+04:00,P4,Billing,positive,319,resolved
W25-003,2026-03-28T06:15:27+04:00,P3,Account,neutral,1000,resolved
W01-003,2025-10-08T19:25:20+04:00,P1,Product,negative,3,resolved
W21-029,2026-03-01T19:39:54+04:00,P4,Account,negative,1564,resolved
W17-018,2026-01-29T10:24:58+04:00,P3,Product,neutral,100,resolved
W28-025,2026-04-18T23:56:46+04:00,P2,Product,negative,148,open
W26-001,2026-04-03T15:25:03+04:00,P3,Product,negative,4097,open
W18-052,2026-02-03T13:07:00+04:00,P3,Account,negative,134,resolved
W44-017,2026-08-09T22:48:03+04:00,P1,Delivery,negative,6,open
W02-027,2025-10-14T22:14:17+04:00,P2,Billing,positive,157,resolved
W13-045,2026-01-03T15:33:23+04:00,P2,Product,negative,165,resolved
W27-002,2026-04-07T19:09:23+04:00,P3,Product,neutral,871,resolved
W18-022,2026-02-06T23:18:46+04:00,P3,Billing,positive,4000,resolved
W17-050,2026-02-01T06:07:02+04:00,P4,Technical,positive,2827,open
W28-022,2026-04-17T09:31:35+04:00,P3,Product,positive,157,open
W36-010,2026-06-08T20:30:01+04:00,P1,Technical,negative,59,resolved
W50-002,2026-09-18T08:12:10+04:00,P3,Account,positive,1018,resolved
W21-010,2026-02-24T15:07:37+04:00,P3,Delivery,neutral,382,resolved
W48-009,2026-09-02T22:46:18+04:00,P1,Account,negative,17,resolved
W12-002,2025-12-24T22:06:55+04:00,P4,Product,positive,1325,open
W19-002,2026-02-11T04:00:14+04:00,P2,Delivery,positive,63,resolved
W01-005,2025-10-07T17:25:45+04:00,P2,Billing,negative,212,resolved
W28-002,2026-04-19T07:08:39+04:00,P3,Delivery,positive,1164,resolved
W40-042,2026-07-10T09:57:36+04:00,P4,Delivery,positive,2175,resolved
W43-018,2026-07-30T06:26:50+04:00,P3,Product,neutral,1425,resolved
W06-000,2025-11-10T00:00:00+04:00,P4,Account,positive,464,open
W41-026,2026-07-19T02:02:52+04:00,P3,Product,neutral,592,open
W13-032,2026-01-03T11:37:38+04:00,P1,Product,negative,24,resolved
W34-029,2026-05-27T04:56:57+04:00,P3,Technical,neutral,1021,open
W43-029,2026-07-30T04:13:39+04:00,P1,Delivery,negative,19,resolved
W42-027,2026-07-21T02:49:01+04:00,P3,Product,neutral,1138,open
W00-018,2025-10-02T14:58:38+04:00,P4,Technical,positive,1441,resolved
W29-034,2026-04-21T17:09:55+04:00,P3,Billing,positive,172,resolved
W29-017,2026-04-25T08:43:39+04:00,P3,Delivery,negative,802,resolved
W47-050,2026-08-29T07:30:00+04:00,P4,Billing,neutral,747,resolved
W31-028,2026-05-07T11:23:09+04:00,P3,Product,negative,951,resolved
W12-011,2025-12-22T03:19:49+04:00,P3,Technical,neutral,1234,open
W27-027,2026-04-10T06:01:11+04:00,P3,Technical,negative,1332,resolved
W47-047,2026-08-25T17:27:17+04:00,P4,Product,negative,79,resolved
W14-026,2026-01-10T07:34:19+04:00,P3,Technical,positive,1296,open
W15-029,2026-01-13T23:59:29+04:00,P3,Billing,negative,224,resolved
W07-018,2025-11-19T23:35:24+04:00,P4,Delivery,neutral,7953,open
W41-035,2026-07-19T01:10:59+04:00,P3,Delivery,neutral,971,resolved
W25-010,2026-03-28T02:50:37+04:00,P2,Account,neutral,166,open
W27-008,2026-04-10T05:23:24+04:00,P4,Account,positive,5535,open
W22-026,2026-03-05T00:51:25+04:00,P3,Billing,positive,4130,resolved
W28-021,2026-04-15T22:12:35+04:00,P3,Delivery,negative,237,resolved
W13-052,2025-12-29T22:41:18+04:00,P3,Delivery,neutral,1372,open
W08-059,2025-11-30T07:11:55+04:00,P3,Account,negative,693,open
W19-008,2026-02-14T17:05:30+04:00,P2,Delivery,positive,21,open
W46-051,2026-08-18T06:14:40+04:00,P4,Technical,negative,2868,open
W06-004,2025-11-15T04:42:45+04:00,P4,Billing,positive,2500,resolved
W04-009,2025-10-30T02:41:40+04:00,P3,Delivery,neutral,906,open
W39-004,2026-07-03T22:44:41+04:00,P4,Account,positive,2145,resolved
W26-003,2026-03-31T08:21:18+04:00,P3,Product,negative,2460,resolved
W49-016,2026-09-09T17:30:38+04:00,P4,Billing,neutral,967,resolved
W40-059,2026-07-07T18:03:17+04:00,P2,Technical,negative,115,resolved
W28-010,2026-04-16T20:25:49+04:00,P2,Technical,negative,113,resolved
W07-035,2025-11-21T05:00:56+04:00,P3,Product,negative,488,resolved
W36-008,2026-06-09T07:10:49+04:00,P2,Delivery,neutral,306,resolved
W16-044,2026-01-23T00:54:44+04:00,P2,Technical,positive,106,open
W23-043,2026-03-13T12:15:39+04:00,P2,Billing,negative,458,resolved
W17-024,2026-01-28T17:18:42+04:00,P3,Technical,negative,950,open
W43-002,2026-08-02T06:57:33+04:00,P3,Product,positive,830,resolved
W32-013,2026-05-12T16:51:23+04:00,P3,Billing,positive,48,resolved
W16-011,2026-01-25T03:34:57+04:00,P3,Account,positive,321,resolved
W16-028,2026-01-22T02:41:43+04:00,P2,Product,negative,42,open
W50-063,2026-09-14T11:40:51+04:00,P2,Account,neutral,82,open
W32-024,2026-05-13T12:49:10+04:00,P3,Technical,positive,1348,resolved
W06-029,2025-11-12T14:50:22+04:00,P4,Technical,negative,5028,resolved
W34-016,2026-05-25T18:34:34+04:00,P3,Technical,positive,303,open
W38-022,2026-06-24T00:14:48+04:00,P2,Billing,neutral,157,resolved
W33-019,2026-05-24T13:31:32+04:00,P3,Account,negative,312,open
W49-000,2026-09-08T14:27:12+04:00,P3,Delivery,neutral,460,resolved
W31-037,2026-05-04T02:00:17+04:00,P3,Account,neutral,144,open
W34-022,2026-05-31T00:10:18+04:00,P2,Account,neutral,8,open
W08-005,2025-11-30T08:12:25+04:00,P3,Account,positive,26,resolved
W22-006,2026-03-06T14:17:04+04:00,P4,Billing,neutral,911,resolved
W31-007,2026-05-04T10:22:25+04:00,P2,Delivery,negative,77,open
W15-042,2026-01-14T16:11:09+04:00,P2,Account,negative,557,resolved
W13-034,2026-01-04T08:31:03+04:00,P3,Technical,neutral,991,resolved
W32-006,2026-05-16T16:51:36+04:00,P4,Technical,negative,1965,resolved
W24-006,2026-03-19T19:21:21+04:00,P3,Delivery,neutral,1050,resolved
W10-014,2025-12-10T07:23:25+04:00,P2,Account,negative,175,resolved
W46-060,2026-08-20T06:00:08+04:00,P3,Technical,positive,359,resolved
W23-042,2026-03-09T16:16:19+04:00,P3,Account,positive,460,open
W40-025,2026-07-07T04:58:11+04:00,P3,Technical,neutral,43,resolved
W26-012,2026-04-04T11:50:02+04:00,P3,Billing,neutral,688,resolved
W18-014,2026-02-03T23:25:53+04:00,P3,Product,positive,854,resolved
W49-039,2026-09-09T03:53:56+04:00,P3,Technical,negative,991,open
W15-047,2026-01-17T01:03:18+04:00,P4,Account,negative,1820,resolved
W04-043,2025-11-01T04:25:52+04:00,P3,Delivery,negative,359,open
W32-010,2026-05-14T03:56:23+04:00,P2,Technical,negative,140,open
W22-018,2026-03-08T09:49:24+04:00,P3,Account,neutral,1355,open
W42-029,2026-07-22T09:47:58+04:00,P1,Account,negative,13,resolved
W20-009,2026-02-19T09:18:21+04:00,P2,Billing,positive,661,resolved
W48-023,2026-08-31T15:33:35+04:00,P4,Product,positive,1274,open
W17-046,2026-01-31T23:21:34+04:00,P3,Technical,neutral,321,resolved
W19-001,2026-02-12T10:45:01+04:00,P3,Delivery,negative,2251,resolved
W28-000,2026-04-15T15:04:22+04:00,P3,Delivery,positive,538,resolved
W20-022,2026-02-21T20:25:50+04:00,P3,Billing,positive,1365,resolved
W05-011,2025-11-05T10:11:45+04:00,P4,Delivery,positive,2310,open
W29-003,2026-04-23T13:54:28+04:00,P3,Account,positive,930,resolved
W03-023,2025-10-20T16:42:24+04:00,P1,Delivery,negative,41,resolved
W36-021,2026-06-11T20:44:24+04:00,P3,Product,negative,181,open
W10-015,2025-12-11T00:43:44+04:00,P3,Billing,positive,416,open
W11-024,2025-12-18T22:16:43+04:00,P3,Product,negative,713,open
W38-004,2026-06-27T22:37:42+04:00,P3,Account,neutral,187,resolved
W30-027,2026-04-30T22:04:40+04:00,P3,Technical,neutral,957,resolved
W44-024,2026-08-04T01:59:31+04:00,P4,Product,neutral,7844,resolved
W04-022,2025-10-31T00:00:37+04:00,P4,Technical,neutral,1094,resolved
W23-020,2026-03-11T03:17:45+04:00,P2,Product,negative,48,resolved
W24-000,2026-03-16T00:00:00+04:00,P3,Account,positive,4238,resolved
W43-025,2026-07-29T03:49:00+04:00,P3,Delivery,negative,990,resolved
W41-051,2026-07-17T22:26:40+04:00,P2,Product,negative,11,resolved
W46-009,2026-08-17T06:23:16+04:00,P3,Account,negative,1435,resolved
W00-012,2025-10-05T10:42:12+04:00,P3,Technical,neutral,952,open
W49-017,2026-09-07T22:35:15+04:00,P2,Billing,neutral,62,resolved
W26-017,2026-04-05T14:43:06+04:00,P2,Product,negative,225,resolved
W38-029,2026-06-27T11:43:34+04:00,P3,Product,neutral,133,open
W16-015,2026-01-22T16:48:43+04:00,P2,Delivery,negative,17,resolved
W33-034,2026-05-24T07:09:36+04:00,P2,Product,negative,97,open
W29-019,2026-04-21T08:07:54+04:00,P3,Billing,neutral,1281,open
W35-020,2026-06-05T13:10:23+04:00,P4,Account,positive,1673,open
W18-021,2026-02-07T14:15:26+04:00,P4,Product,neutral,2068,resolved
W01-047,2025-10-07T09:49:21+04:00,P3,Billing,negative,3458,resolved
W30-020,2026-04-30T17:38:53+04:00,P4,Billing,positive,4902,open
W04-011,2025-11-02T10:40:37+04:00,P2,Account,negative,704,resolved
W46-024,2026-08-21T13:36:56+04:00,P4,Delivery,positive,1202,resolved
W21-046,2026-02-24T02:06:04+04:00,P3,Account,positive,1374,resolved
W21-024,2026-03-01T15:50:02+04:00,P3,Billing,neutral,1379,resolved
W41-045,2026-07-18T15:38:23+04:00,P3,Account,positive,275,open
W17-038,2026-01-26T14:49:55+04:00,P3,Billing,negative,803,resolved
W00-040,2025-10-01T05:55:43+04:00,P3,Delivery,negative,1414,resolved
W32-022,2026-05-12T20:26:57+04:00,P3,Billing,positive,1182,resolved
W43-039,2026-08-02T18:28:20+04:00,P1,Delivery,negative,34,resolved
W34-025,2026-05-29T20:55:27+04:00,P2,Product,positive,374,resolved
W36-009,2026-06-09T01:27:11+04:00,P2,Delivery,negative,61,resolved
W43-032,2026-07-29T13:13:15+04:00,P3,Billing,negative,2932,resolved
W33-003,2026-05-20T09:10:21+04:00,P3,Account,neutral,1170,resolved
W14-025,2026-01-07T07:38:01+04:00,P4,Delivery,neutral,1574,resolved
W21-013,2026-02-26T13:22:44+04:00,P3,Account,negative,164,resolved
W23-032,2026-03-14T03:51:41+04:00,P2,Product,negative,174,resolved
W02-028,2025-10-17T01:28:25+04:00,P3,Delivery,positive,108,resolved
W40-031,2026-07-09T00:53:53+04:00,P3,Technical,positive,1117,open
W34-009,2026-05-31T18:02:26+04:00,P3,Technical,positive,849,open
W27-022,2026-04-12T15:01:01+04:00,P2,Account,positive,15,open
W34-027,2026-05-27T01:04:58+04:00,P4,Technical,neutral,392,resolved
W20-010,2026-02-22T11:43:45+04:00,P2,Technical,negative,32,open
W08-023,2025-11-27T15:01:45+04:00,P3,Delivery,positive,1335,resolved
W41-049,2026-07-14T12:03:11+04:00,P2,Account,negative,225,open
W15-041,2026-01-17T19:30:48+04:00,P2,Account,positive,29,resolved
W47-027,2026-08-24T17:09:39+04:00,P4,Account,positive,3420,resolved
W34-015,2026-05-25T06:26:29+04:00,P3,Product,neutral,351,open
W22-028,2026-03-06T07:02:00+04:00,P2,Product,negative,36,open
W40-017,2026-07-06T12:57:55+04:00,P4,Technical,positive,1870,resolved
W24-005,2026-03-21T22:12:56+04:00,P4,Product,neutral,2330,resolved
W46-023,2026-08-23T22:43:24+04:00,P3,Technical,neutral,3874,resolved
W04-020,2025-10-31T22:06:27+04:00,P3,Delivery,neutral,1309,resolved
W49-012,2026-09-07T11:26:39+04:00,P3,Billing,negative,1052,open
W28-004,2026-04-16T14:09:54+04:00,P3,Delivery,negative,1112,resolved
W33-021,2026-05-18T00:06:10+04:00,P4,Product,positive,1229,resolved
W09-041,2025-12-04T17:02:03+04:00,P3,Technical,positive,673,open
W46-014,2026-08-22T00:29:55+04:00,P4,Billing,negative,5099,open
W08-052,2025-11-26T01:39:55+04:00,P3,Technical,neutral,2007,resolved
W07-007,2025-11-20T19:45:10+04:00,P3,Product,neutral,535,resolved
W37-017,2026-06-18T14:38:39+04:00,P3,Delivery,negative,46,resolved
W46-011,2026-08-22T01:16:57+04:00,P3,Technical,positive,1162,resolved
W31-013,2026-05-06T22:59:52+04:00,P4,Billing,positive,2209,open
W07-003,2025-11-19T11:46:01+04:00,P1,Product,negative,7,open
W08-029,2025-11-29T02:28:17+04:00,P4,Technical,neutral,1258,resolved
W03-022,2025-10-24T06:23:43+04:00,P3,Delivery,positive,910,resolved
W00-001,2025-10-05T23:59:59+04:00,P4,Product,neutral,2362,resolved
W04-039,2025-11-01T10:02:07+04:00,P4,Technical,neutral,3156,open
W36-035,2026-06-11T09:42:38+04:00,P4,Billing,positive,1951,open
W45-003,2026-08-14T10:40:34+04:00,P3,Account,negative,4186,resolved
W13-046,2026-01-02T09:51:44+04:00,P2,Billing,negative,67,resolved
W24-028,2026-03-17T06:11:51+04:00,P4,Technical,negative,6250,resolved
W47-032,2026-08-27T18:57:06+04:00,P4,Delivery,neutral,2352,open
W10-016,2025-12-13T23:29:56+04:00,P3,Technical,negative,4158,open
W04-031,2025-10-31T19:19:42+04:00,P1,Product,negative,2,resolved
W19-022,2026-02-14T01:39:37+04:00,P4,Delivery,positive,1757,resolved
W17-021,2026-01-29T18:19:24+04:00,P3,Billing,negative,886,open
W08-003,2025-11-29T06:49:02+04:00,P4,Billing,positive,8477,resolved
W17-031,2026-01-29T03:31:54+04:00,P4,Billing,neutral,2475,open
W36-016,2026-06-10T07:09:03+04:00,P2,Billing,negative,148,open
W39-000,2026-06-29T00:00:00+04:00,P3,Billing,negative,753,open
W35-009,2026-06-03T01:29:29+04:00,P1,Technical,negative,40,open
W38-000,2026-06-25T11:46:39+04:00,P3,Account,neutral,1068,resolved
W42-018,2026-07-26T04:15:57+04:00,P4,Product,neutral,1273,resolved
W24-008,2026-03-16T02:18:48+04:00,P4,Technical,neutral,2298,resolved
W45-000,2026-08-10T00:00:00+04:00,P1,Technical,negative,33,resolved
W29-023,2026-04-20T05:50:01+04:00,P4,Delivery,neutral,148,open
W41-019,2026-07-13T23:20:50+04:00,P2,Product,negative,140,open
W47-015,2026-08-25T16:11:11+04:00,P3,Technical,positive,185,resolved
W29-031,2026-04-26T15:12:12+04:00,P2,Technical,positive,196,open
W50-042,2026-09-16T12:33:31+04:00,P4,Billing,positive,1666,open
W22-023,2026-03-07T22:13:04+04:00,P2,Delivery,neutral,229,resolved
W03-040,2025-10-20T11:59:55+04:00,P4,Billing,positive,2309,resolved
W35-002,2026-06-06T16:35:37+04:00,P4,Account,neutral,3173,resolved
W41-054,2026-07-19T16:07:24+04:00,P4,Technical,positive,459,resolved
W17-041,2026-01-26T18:29:55+04:00,P3,Account,negative,1134,resolved
W21-027,2026-02-24T11:51:17+04:00,P4,Delivery,positive,2747,open
W38-007,2026-06-27T03:27:16+04:00,P4,Billing,positive,2449,open
W09-018,2025-12-01T14:48:45+04:00,P3,Billing,negative,1223,open
W08-058,2025-11-30T08:51:51+04:00,P3,Technical,negative,1389,open
W44-026,2026-08-08T07:28:15+04:00,P3,Product,negative,1084,resolved
W41-018,2026-07-14T02:02:04+04:00,P3,Billing,negative,1432,open
W37-014,2026-06-15T22:37:27+04:00,P3,Account,negative,509,open
W47-002,2026-08-28T14:26:48+04:00,P4,Technical,positive,2410,resolved
W16-046,2026-01-21T05:31:04+04:00,P3,Account,positive,107,open
W47-028,2026-08-26T03:50:46+04:00,P4,Technical,negative,5,resolved
W50-056,2026-09-17T06:53:30+04:00,P3,Delivery,neutral,444,open
W22-015,2026-03-08T04:09:52+04:00,P3,Product,neutral,869,open
W47-045,2026-08-27T18:08:26+04:00,P1,Delivery,positive,124,open
W41-017,2026-07-15T03:56:11+04:00,P3,Technical,negative,279,resolved
W09-002,2025-12-06T20:39:50+04:00,P1,Technical,negative,38,open
W41-032,2026-07-19T18:36:20+04:00,P3,Product,negative,1258,resolved
W46-028,2026-08-20T03:10:25+04:00,P4,Technical,neutral,1514,resolved
W24-036,2026-03-21T04:59:06+04:00,P4,Billing,positive,2367,resolved
W40-006,2026-07-07T21:12:39+04:00,P4,Delivery,neutral,610,resolved
W08-004,2025-11-25T01:20:54+04:00,P4,Billing,positive,275,resolved
W09-044,2025-12-07T16:41:09+04:00,P3,Product,positive,998,resolved
W40-034,2026-07-10T21:13:29+04:00,P3,Delivery,positive,3539,resolved
W10-008,2025-12-11T13:42:25+04:00,P2,Product,negative,129,resolved
W43-023,2026-07-29T08:40:19+04:00,P3,Billing,positive,456,open
W18-049,2026-02-04T20:13:57+04:00,P2,Account,negative,57,resolved
W35-021,2026-06-06T11:44:51+04:00,P3,Product,negative,4112,resolved
W42-022,2026-07-20T16:18:25+04:00,P3,Technical,negative,3602,open
W14-030,2026-01-06T17:14:28+04:00,P4,Account,neutral,152,resolved
W40-048,2026-07-07T03:28:16+04:00,P2,Delivery,negative,276,open
W37-027,2026-06-18T13:10:55+04:00,P3,Delivery,positive,712,resolved
W41-058,2026-07-15T17:46:54+04:00,P3,Technical,positive,2638,resolved
W04-061,2025-10-30T11:30:14+04:00,P3,Technical,negative,1098,resolved
W47-007,2026-08-26T10:55:29+04:00,P3,Delivery,neutral,1123,resolved
W15-026,2026-01-16T12:35:23+04:00,P3,Delivery,positive,130,resolved
W39-017,2026-07-03T14:04:43+04:00,P3,Account,neutral,315,resolved
W14-021,2026-01-11T23:22:33+04:00,P3,Delivery,negative,802,resolved
W33-008,2026-05-19T23:09:08+04:00,P4,Technical,neutral,975,resolved
W00-007,2025-10-05T06:08:10+04:00,P2,Product,neutral,73,open
W20-028,2026-02-19T00:20:01+04:00,P2,Delivery,negative,14,open
W49-044,2026-09-09T23:41:27+04:00,P1,Billing,negative,32,resolved
W24-004,2026-03-21T17:50:50+04:00,P3,Technical,negative,529,resolved
W15-061,2026-01-13T05:49:52+04:00,P3,Delivery,positive,334,resolved
W30-025,2026-05-01T05:02:53+04:00,P4,Account,neutral,1778,open
W04-007,2025-10-30T07:39:01+04:00,P2,Product,negative,240,resolved
W30-005,2026-05-01T10:30:50+04:00,P2,Product,negative,222,resolved
W00-015,2025-10-02T21:07:19+04:00,P3,Delivery,positive,688,open
W08-035,2025-11-29T05:04:28+04:00,P4,Product,neutral,6433,resolved
W16-029,2026-01-21T23:31:56+04:00,P3,Product,negative,1554,resolved
W37-019,2026-06-16T01:04:37+04:00,P3,Technical,positive,231,open
W16-049,2026-01-22T23:24:52+04:00,P3,Delivery,neutral,1408,resolved
W31-032,2026-05-09T17:27:17+04:00,P3,Technical,neutral,1282,open
W14-019,2026-01-11T22:24:58+04:00,P3,Product,neutral,1729,open
W17-012,2026-01-27T12:01:00+04:00,P3,Account,positive,2047,resolved
W32-012,2026-05-13T18:19:02+04:00,P4,Product,neutral,1919,resolved
W00-022,2025-10-02T23:20:54+04:00,P3,Billing,neutral,2993,resolved
W05-006,2025-11-08T02:39:17+04:00,P3,Product,negative,566,resolved
W00-008,2025-10-02T18:24:58+04:00,P3,Delivery,negative,482,resolved
W15-014,2026-01-15T00:11:10+04:00,P3,Product,negative,506,resolved
W50-047,2026-09-15T21:11:43+04:00,P2,Technical,negative,15,resolved
W38-017,2026-06-27T03:17:04+04:00,P2,Account,negative,290,resolved
W40-007,2026-07-07T12:43:55+04:00,P2,Account,neutral,470,resolved
W40-047,2026-07-09T18:50:42+04:00,P4,Delivery,positive,167,resolved
W18-054,2026-02-02T00:34:09+04:00,P3,Account,negative,930,resolved
W04-050,2025-11-01T19:29:44+04:00,P4,Technical,neutral,481,resolved
W01-040,2025-10-07T14:29:39+04:00,P2,Delivery,negative,52,open
W09-033,2025-12-06T18:03:32+04:00,P2,Product,negative,8,resolved
W17-022,2026-01-31T09:44:40+04:00,P3,Delivery,positive,1003,resolved
W14-017,2026-01-07T10:26:56+04:00,P2,Delivery,negative,716,open
W08-036,2025-11-24T04:06:00+04:00,P3,Product,neutral,765,resolved
W24-035,2026-03-18T22:26:18+04:00,P4,Account,neutral,1762,open
W38-003,2026-06-28T04:58:03+04:00,P4,Account,positive,1925,resolved
W13-050,2025-12-31T22:58:48+04:00,P3,Delivery,positive,489,open
W41-039,2026-07-19T09:53:04+04:00,P2,Billing,neutral,186,resolved
W43-041,2026-07-28T16:15:33+04:00,P4,Product,positive,687,resolved
W08-009,2025-11-28T12:28:52+04:00,P3,Delivery,neutral,551,resolved
W09-037,2025-12-02T17:29:35+04:00,P3,Delivery,negative,1050,resolved
W47-024,2026-08-27T09:33:19+04:00,P2,Account,negative,227,resolved
W45-016,2026-08-12T02:08:01+04:00,P1,Billing,negative,21,resolved
W25-004,2026-03-25T10:10:22+04:00,P3,Delivery,neutral,880,open
W49-008,2026-09-09T06:55:24+04:00,P1,Product,negative,20,open
W18-044,2026-02-07T18:47:56+04:00,P3,Account,neutral,5,resolved
W22-024,2026-03-06T05:51:49+04:00,P3,Account,positive,11,open
W14-027,2026-01-07T21:27:49+04:00,P2,Technical,negative,152,resolved
W25-016,2026-03-26T14:55:41+04:00,P3,Account,positive,806,open
W04-003,2025-10-27T18:08:26+04:00,P2,Account,positive,189,open
W05-012,2025-11-05T13:03:52+04:00,P4,Billing,neutral,1891,resolved
W48-020,2026-09-06T17:57:01+04:00,P3,Product,negative,782,open
W01-029,2025-10-08T18:15:36+04:00,P1,Technical,negative,19,open
W16-006,2026-01-22T13:30:23+04:00,P3,Technical,positive,414,open
W16-048,2026-01-20T13:53:32+04:00,P2,Billing,negative,197,open
W06-028,2025-11-12T02:19:22+04:00,P4,Delivery,positive,2798,resolved
W15-059,2026-01-15T15:41:37+04:00,P3,Billing,positive,1403,resolved
W13-015,2026-01-04T22:41:21+04:00,P3,Billing,negative,1354,open
W40-064,2026-07-06T04:00:36+04:00,P3,Delivery,negative,873,resolved
W12-030,2025-12-26T16:46:17+04:00,P3,Account,negative,2496,resolved
W09-036,2025-12-04T16:44:51+04:00,P1,Account,negative,6,resolved
W15-064,2026-01-14T16:45:59+04:00,P3,Delivery,negative,243,resolved
W27-007,2026-04-11T20:54:03+04:00,P4,Billing,positive,280,resolved
W18-047,2026-02-02T02:27:20+04:00,P2,Product,positive,215,resolved
W11-008,2025-12-17T05:07:47+04:00,P3,Account,positive,141,resolved
W49-005,2026-09-12T01:39:33+04:00,P3,Technical,positive,755,resolved
W09-065,2025-12-06T02:16:26+04:00,P3,Billing,negative,1033,resolved
W29-004,2026-04-21T15:51:04+04:00,P3,Technical,positive,178,resolved
W50-013,2026-09-19T12:50:50+04:00,P4,Product,positive,2307,resolved
W25-006,2026-03-28T05:04:04+04:00,P3,Account,neutral,2762,resolved
W37-042,2026-06-19T06:15:07+04:00,P3,Product,neutral,1203,open
W36-032,2026-06-13T04:57:16+04:00,P3,Delivery,positive,1401,open
W30-028,2026-05-01T08:31:57+04:00,P3,Account,positive,1290,resolved
W29-015,2026-04-25T22:28:56+04:00,P2,Product,positive,222,open
W21-038,2026-02-27T18:15:41+04:00,P3,Delivery,neutral,1123,resolved
W44-028,2026-08-06T15:48:29+04:00,P3,Billing,neutral,1363,open
W41-022,2026-07-14T04:37:13+04:00,P2,Account,negative,124,resolved
W50-023,2026-09-17T10:02:56+04:00,P3,Account,positive,715,resolved
W46-053,2026-08-21T08:42:05+04:00,P3,Billing,negative,1373,resolved
W15-053,2026-01-17T01:30:20+04:00,P3,Product,negative,590,resolved
W36-034,2026-06-10T23:41:04+04:00,P3,Product,negative,855,resolved
W03-044,2025-10-24T04:35:47+04:00,P3,Billing,neutral,654,resolved
W00-003,2025-10-05T03:42:36+04:00,P3,Delivery,neutral,616,resolved
W12-000,2025-12-22T00:00:00+04:00,P2,Billing,negative,169,resolved
W28-009,2026-04-13T14:26:28+04:00,P4,Billing,neutral,7943,resolved
W28-024,2026-04-17T03:29:23+04:00,P4,Product,neutral,1176,resolved
W36-039,2026-06-10T08:16:05+04:00,P3,Product,positive,3036,resolved
W04-056,2025-11-01T22:53:46+04:00,P3,Delivery,negative,1315,resolved
W23-023,2026-03-13T15:50:43+04:00,P3,Billing,neutral,774,resolved
W30-026,2026-04-30T03:12:36+04:00,P4,Delivery,positive,4607,resolved
W09-028,2025-12-01T06:55:06+04:00,P3,Product,neutral,315,resolved
W09-004,2025-12-04T00:18:17+04:00,P3,Account,positive,1248,resolved
W00-034,2025-09-29T08:21:34+04:00,P2,Product,negative,87,resolved
W27-014,2026-04-09T11:19:46+04:00,P4,Account,neutral,1793,resolved
W37-041,2026-06-15T09:02:28+04:00,P3,Technical,neutral,720,resolved
W46-040,2026-08-23T11:02:26+04:00,P2,Delivery,negative,222,resolved
W39-014,2026-07-05T07:46:43+04:00,P3,Delivery,negative,1292,resolved
W40-061,2026-07-08T06:45:33+04:00,P2,Billing,neutral,91,open
W50-017,2026-09-18T22:27:42+04:00,P3,Technical,negative,48,resolved
W34-043,2026-05-27T03:55:50+04:00,P4,Technical,positive,2147,open
W09-040,2025-12-03T20:18:45+04:00,P2,Account,negative,33,resolved
W47-025,2026-08-30T06:30:09+04:00,P1,Product,negative,53,resolved
W27-006,2026-04-11T13:50:01+04:00,P2,Billing,negative,87,open
W34-042,2026-05-27T06:49:42+04:00,P3,Technical,neutral,789,resolved
W06-033,2025-11-11T09:47:00+04:00,P3,Billing,negative,3220,resolved
W15-034,2026-01-12T13:46:57+04:00,P2,Delivery,negative,74,resolved
W08-027,2025-11-30T18:36:05+04:00,P3,Product,positive,349,resolved
W49-050,2026-09-09T10:13:33+04:00,P3,Product,neutral,325,resolved
W15-050,2026-01-18T21:25:03+04:00,P1,Delivery,negative,46,resolved
W50-011,2026-09-18T01:32:17+04:00,P2,Account,negative,164,resolved
W05-014,2025-11-08T19:35:14+04:00,P2,Billing,positive,547,open
W14-002,2026-01-05T09:38:17+04:00,P4,Delivery,neutral,2161,resolved
W19-010,2026-02-13T20:47:02+04:00,P3,Account,positive,1191,open
W24-014,2026-03-16T06:40:57+04:00,P4,Delivery,positive,867,open
W03-048,2025-10-25T13:10:41+04:00,P3,Delivery,neutral,1036,resolved
W03-035,2025-10-26T06:41:31+04:00,P2,Delivery,negative,175,resolved
W19-004,2026-02-13T11:39:56+04:00,P4,Technical,neutral,984,resolved
W09-017,2025-12-04T02:16:43+04:00,P3,Product,negative,330,resolved
W17-045,2026-01-28T12:21:13+04:00,P4,Product,positive,664,resolved
W17-003,2026-01-26T13:15:22+04:00,P3,Billing,positive,1374,resolved
W08-038,2025-11-26T00:38:53+04:00,P4,Delivery,positive,1254,resolved
W31-045,2026-05-10T07:58:45+04:00,P4,Delivery,neutral,607,resolved
W02-009,2025-10-13T23:45:44+04:00,P3,Technical,negative,102,resolved
W47-037,2026-08-28T21:27:51+04:00,P2,Technical,negative,170,resolved
W23-011,2026-03-12T03:23:27+04:00,P3,Technical,positive,1076,resolved
W31-027,2026-05-07T20:33:31+04:00,P4,Delivery,positive,2721,open
W06-032,2025-11-10T19:15:26+04:00,P4,Billing,positive,2662,resolved
W35-017,2026-06-06T02:39:57+04:00,P4,Billing,positive,1663,resolved
W40-045,2026-07-08T19:26:05+04:00,P3,Technical,negative,162,resolved
W03-045,2025-10-25T15:52:11+04:00,P2,Delivery,negative,364,resolved
W15-062,2026-01-12T22:15:11+04:00,P2,Billing,neutral,235,resolved
W27-009,2026-04-08T19:29:19+04:00,P3,Product,negative,2092,resolved
W15-031,2026-01-12T06:15:25+04:00,P3,Account,positive,910,resolved
W38-012,2026-06-26T13:40:53+04:00,P3,Billing,negative,1950,open
W13-053,2026-01-01T22:46:23+04:00,P4,Account,neutral,1897,open
W43-009,2026-07-29T18:56:01+04:00,P4,Billing,neutral,139,open
W21-037,2026-02-25T04:08:36+04:00,P2,Billing,neutral,14,resolved
W40-063,2026-07-09T12:11:54+04:00,P3,Technical,neutral,1074,resolved
W20-018,2026-02-16T03:29:23+04:00,P2,Delivery,negative,81,resolved
W37-044,2026-06-16T03:22:52+04:00,P3,Technical,negative,1293,resolved
W29-024,2026-04-20T07:03:42+04:00,P2,Product,neutral,78,resolved
W29-032,2026-04-22T19:36:30+04:00,P2,Billing,negative,635,resolved
W13-043,2026-01-02T00:47:55+04:00,P3,Account,positive,640,resolved
W03-042,2025-10-25T20:40:04+04:00,P3,Product,positive,619,resolved
W18-050,2026-02-06T19:22:06+04:00,P4,Technical,neutral,8111,resolved
W38-020,2026-06-24T02:03:09+04:00,P4,Billing,negative,901,resolved
W30-009,2026-05-03T22:39:35+04:00,P3,Product,positive,118,resolved
W50-040,2026-09-18T12:03:27+04:00,P3,Technical,negative,1128,resolved
W09-058,2025-12-05T00:11:05+04:00,P2,Account,neutral,107,open
W25-022,2026-03-28T10:08:02+04:00,P3,Billing,neutral,847,open
W13-040,2026-01-01T10:30:27+04:00,P2,Account,negative,37,open
W14-004,2026-01-05T15:49:24+04:00,P3,Billing,negative,707,open
W34-028,2026-05-25T08:03:16+04:00,P4,Account,negative,1255,open
W02-012,2025-10-15T13:31:34+04:00,P3,Billing,neutral,2675,resolved
W12-001,2025-12-28T23:59:59+04:00,P3,Account,positive,1127,resolved
W13-002,2026-01-02T19:56:15+04:00,P3,Technical,neutral,901,resolved
W07-028,2025-11-19T03:41:20+04:00,P3,Technical,neutral,698,resolved
W50-041,2026-09-15T15:32:05+04:00,P4,Delivery,neutral,646,resolved
W37-032,2026-06-15T01:10:36+04:00,P4,Technical,neutral,2358,resolved
W07-015,2025-11-22T09:09:31+04:00,P3,Technical,negative,4086,resolved
W39-019,2026-06-30T14:43:19+04:00,P3,Product,negative,1490,resolved
W01-030,2025-10-09T15:13:32+04:00,P2,Technical,neutral,178,resolved
W13-051,2026-01-03T05:34:51+04:00,P2,Product,negative,209,resolved
W33-022,2026-05-18T19:27:40+04:00,P2,Account,negative,188,resolved
W50-030,2026-09-15T06:10:44+04:00,P4,Account,positive,4172,resolved
W15-024,2026-01-14T21:30:24+04:00,P3,Account,neutral,2812,open
W29-037,2026-04-22T20:39:50+04:00,P2,Billing,positive,81,resolved
W44-003,2026-08-06T22:54:09+04:00,P3,Account,neutral,60,resolved
W46-034,2026-08-20T01:10:03+04:00,P3,Technical,negative,1031,open
W42-001,2026-07-25T11:31:07+04:00,P3,Account,neutral,2958,open
W16-014,2026-01-21T23:08:12+04:00,P3,Technical,positive,116,resolved
W23-047,2026-03-09T09:21:19+04:00,P3,Delivery,negative,4072,open
W20-021,2026-02-19T22:28:30+04:00,P3,Account,negative,1229,open
W39-002,2026-07-02T11:39:13+04:00,P3,Technical,negative,2,resolved
W29-027,2026-04-24T17:55:23+04:00,P3,Account,neutral,3850,resolved
W14-014,2026-01-07T05:40:13+04:00,P2,Account,neutral,179,resolved
W18-012,2026-02-06T11:33:53+04:00,P2,Product,positive,20,open
W40-027,2026-07-09T18:08:46+04:00,P2,Billing,negative,74,open
W37-024,2026-06-20T06:48:11+04:00,P2,Product,neutral,214,open
W16-001,2026-01-25T23:59:59+04:00,P3,Product,negative,1023,resolved
W23-004,2026-03-12T15:48:40+04:00,P3,Technical,negative,703,open
W46-030,2026-08-17T15:38:27+04:00,P2,Delivery,negative,237,resolved
W41-046,2026-07-13T16:45:17+04:00,P4,Technical,positive,8507,resolved
W16-033,2026-01-20T02:18:13+04:00,P3,Technical,positive,1376,resolved
W29-013,2026-04-21T08:43:45+04:00,P3,Product,positive,449,resolved
W06-013,2025-11-14T04:07:17+04:00,P4,Delivery,neutral,1988,open
W32-018,2026-05-15T00:14:40+04:00,P4,Product,positive,624,resolved
W47-009,2026-08-29T21:21:08+04:00,P3,Account,neutral,1397,open
W35-019,2026-06-07T21:33:16+04:00,P3,Account,negative,392,resolved
W35-005,2026-06-05T03:25:28+04:00,P4,Delivery,negative,4132,resolved
W01-001,2025-10-07T04:54:13+04:00,P3,Account,positive,124,resolved
W15-006,2026-01-14T03:13:51+04:00,P3,Product,negative,1101,resolved
W01-044,2025-10-10T12:11:58+04:00,P3,Product,positive,1308,resolved
W43-015,2026-08-01T23:26:33+04:00,P4,Technical,positive,2180,resolved
W24-007,2026-03-16T12:25:48+04:00,P2,Product,negative,225,open
W01-007,2025-10-12T13:16:51+04:00,P2,Delivery,negative,129,resolved
W31-008,2026-05-05T00:28:49+04:00,P2,Technical,negative,45,open
W47-014,2026-08-28T09:12:32+04:00,P4,Account,neutral,1889,resolved
W46-039,2026-08-22T19:26:16+04:00,P3,Billing,negative,469,resolved
W48-004,2026-08-31T21:13:38+04:00,P3,Billing,negative,23,resolved
W46-052,2026-08-17T19:30:13+04:00,P2,Product,negative,132,resolved
W28-006,2026-04-18T08:07:58+04:00,P3,Delivery,neutral,36,resolved
W01-034,2025-10-09T15:08:05+04:00,P4,Account,positive,2407,open
W41-024,2026-07-19T02:48:23+04:00,P2,Delivery,negative,204,open
W27-031,2026-04-06T02:55:37+04:00,P2,Product,neutral,151,resolved
W26-031,2026-04-02T16:04:38+04:00,P4,Technical,positive,4032,resolved
W26-013,2026-04-04T13:37:15+04:00,P3,Account,negative,747,resolved
W17-035,2026-01-28T22:25:24+04:00,P4,Billing,neutral,595,resolved
W17-007,2026-01-29T09:50:50+04:00,P2,Technical,positive,214,open
W50-009,2026-09-20T22:30:35+04:00,P3,Account,neutral,426,open
